
Alchemy_TM10_DMA.elf:     file format elf32-littleriscv
Alchemy_TM10_DMA.elf
architecture: riscv:rv32, flags 0x00000112:
EXEC_P, HAS_SYMS, D_PAGED
start address 0x00000000

Program Header:
    LOAD off    0x00001000 vaddr 0x00000000 paddr 0x00000000 align 2**12
         filesz 0x0000383c memsz 0x0000383c flags r-x
    LOAD off    0x00005000 vaddr 0x20000000 paddr 0x0000383c align 2**12
         filesz 0x00000088 memsz 0x0000127c flags rw-
    LOAD off    0x00005800 vaddr 0x20004800 paddr 0x20004800 align 2**12
         filesz 0x00000000 memsz 0x00000800 flags rw-

Sections:
Idx Name          Size      VMA       LMA       File off  Algn
  0 .init         00000004  00000000  00000000  00001000  2**1
                  CONTENTS, ALLOC, LOAD, READONLY, CODE
  1 .vector       000000fc  00000004  00000004  00001004  2**1
                  CONTENTS, ALLOC, LOAD, READONLY, CODE
  2 .text         0000373c  00000100  00000100  00001100  2**2
                  CONTENTS, ALLOC, LOAD, READONLY, CODE
  3 .fini         00000000  0000383c  0000383c  00005088  2**0
                  CONTENTS, ALLOC, LOAD, CODE
  4 .dalign       00000000  20000000  20000000  00005088  2**0
                  CONTENTS
  5 .dlalign      00000000  0000383c  0000383c  00005088  2**0
                  CONTENTS
  6 .data         00000088  20000000  0000383c  00005000  2**2
                  CONTENTS, ALLOC, LOAD, DATA
  7 .bss          000011f4  20000088  000038c4  00005088  2**2
                  ALLOC
  8 .stack        00000800  20004800  20004800  00005800  2**0
                  ALLOC
  9 .debug_info   00005b6a  00000000  00000000  00005088  2**0
                  CONTENTS, READONLY, DEBUGGING
 10 .debug_abbrev 000013da  00000000  00000000  0000abf2  2**0
                  CONTENTS, READONLY, DEBUGGING
 11 .debug_loc    00001bf5  00000000  00000000  0000bfcc  2**0
                  CONTENTS, READONLY, DEBUGGING
 12 .debug_aranges 00000460  00000000  00000000  0000dbc8  2**3
                  CONTENTS, READONLY, DEBUGGING
 13 .debug_ranges 00000518  00000000  00000000  0000e028  2**3
                  CONTENTS, READONLY, DEBUGGING
 14 .debug_line   00007651  00000000  00000000  0000e540  2**0
                  CONTENTS, READONLY, DEBUGGING
 15 .debug_str    00001abe  00000000  00000000  00015b91  2**0
                  CONTENTS, READONLY, DEBUGGING
 16 .comment      00000033  00000000  00000000  0001764f  2**0
                  CONTENTS, READONLY
 17 .debug_frame  00001314  00000000  00000000  00017684  2**2
                  CONTENTS, READONLY, DEBUGGING
 18 .stab         00000084  00000000  00000000  00018998  2**2
                  CONTENTS, READONLY, DEBUGGING
 19 .stabstr      00000117  00000000  00000000  00018a1c  2**0
                  CONTENTS, READONLY, DEBUGGING
SYMBOL TABLE:
00000000 l    d  .init	00000000 .init
00000004 l    d  .vector	00000000 .vector
00000100 l    d  .text	00000000 .text
0000383c l    d  .fini	00000000 .fini
20000000 l    d  .dalign	00000000 .dalign
0000383c l    d  .dlalign	00000000 .dlalign
20000000 l    d  .data	00000000 .data
20000088 l    d  .bss	00000000 .bss
20004800 l    d  .stack	00000000 .stack
00000000 l    d  .debug_info	00000000 .debug_info
00000000 l    d  .debug_abbrev	00000000 .debug_abbrev
00000000 l    d  .debug_loc	00000000 .debug_loc
00000000 l    d  .debug_aranges	00000000 .debug_aranges
00000000 l    d  .debug_ranges	00000000 .debug_ranges
00000000 l    d  .debug_line	00000000 .debug_line
00000000 l    d  .debug_str	00000000 .debug_str
00000000 l    d  .comment	00000000 .comment
00000000 l    d  .debug_frame	00000000 .debug_frame
00000000 l    d  .stab	00000000 .stab
00000000 l    d  .stabstr	00000000 .stabstr
00000000 l    df *ABS*	00000000 ./Startup/startup_ch32v20x_D6.o
00000004 l       .vector	00000000 _vector_base
00000000 l    df *ABS*	00000000 ch32v203_core.c
20000088 l     O .bss	00000002 p_ms
2000008a l     O .bss	00000001 p_us
00000000 l    df *ABS*	00000000 ch32v203_dma.c
00000000 l    df *ABS*	00000000 ch32v203_gpio.c
00000000 l    df *ABS*	00000000 ch32v203_rcc.c
00000000 l    df *ABS*	00000000 ch32v203_spi.c
00000000 l    df *ABS*	00000000 ch32v203_uart_dma.c
00000000 l    df *ABS*	00000000 ch32v203_usbd.c
00000000 l    df *ABS*	00000000 ch32v203_usbd_cdc.c
00003628 l     O .text	00000043 cdc_config_descriptor
0000366c l     O .text	00000012 cdc_device_descriptor
0000367e l     O .text	0000000a cdc_serial_state
00003688 l     O .text	00000016 cdc_string_product
0000369e l     O .text	0000000e cdc_string_vendor
000036ac l     O .text	00000032 usbd_config
20000078 l     O .data	00000004 cdc_string_lang_id
2000007c l     O .data	00000002 cdc_string_serial
00000000 l    df *ABS*	00000000 main.c
00000000 l    df *ABS*	00000000 debug.c
20000070 l     O .data	00000004 curbrk.3291
00000000 l    df *ABS*	00000000 printf.c
00000000 l    df *ABS*	00000000 puts.c
00000000 l    df *ABS*	00000000 wbuf.c
00000000 l    df *ABS*	00000000 wsetup.c
00000000 l    df *ABS*	00000000 fflush.c
00000000 l    df *ABS*	00000000 findfp.c
0000284e l     F .text	00000066 std
00000000 l    df *ABS*	00000000 fwalk.c
00000000 l    df *ABS*	00000000 makebuf.c
00000000 l    df *ABS*	00000000 nano-mallocr.c
00000000 l    df *ABS*	00000000 nano-mallocr.c
00000000 l    df *ABS*	00000000 nano-vfprintf.c
00002cd4 l     F .text	00000028 __sfputc_r
00000000 l    df *ABS*	00000000 nano-vfprintf_i.c
00000000 l    df *ABS*	00000000 sbrkr.c
00000000 l    df *ABS*	00000000 stdio.c
00000000 l    df *ABS*	00000000 writer.c
00000000 l    df *ABS*	00000000 closer.c
00000000 l    df *ABS*	00000000 fstatr.c
00000000 l    df *ABS*	00000000 isattyr.c
00000000 l    df *ABS*	00000000 lseekr.c
00000000 l    df *ABS*	00000000 memchr.c
00000000 l    df *ABS*	00000000 mlock.c
00000000 l    df *ABS*	00000000 readr.c
00000000 l    df *ABS*	00000000 close.c
00000000 l    df *ABS*	00000000 fstat.c
00000000 l    df *ABS*	00000000 isatty.c
00000000 l    df *ABS*	00000000 lseek.c
00000000 l    df *ABS*	00000000 read.c
00000000 l    df *ABS*	00000000 impure.c
20000000 l     O .data	00000060 impure_data
00000000 l    df *ABS*	00000000 reent.c
00002310  w      .text	00000000 EXTI2_IRQHandler
0000045c g     F .text	0000003c rcc_init_pll
00000932 g     F .text	000000f6 uart_dma_write_bytes
000034e4 g     F .text	00000030 _isatty_r
00002424 g     F .text	000000d4 _puts_r
00000410 g     F .text	0000004c rcc_hse_init
00003514 g     F .text	00000034 _lseek_r
00001daa g     F .text	0000005e tm10_write_request_uart
00001200 g     F .text	000000b0 cdc_gen_string_serial
20000128 g     O .bss	00000800 uart_dma_1_rx_buf
000023e4 g     F .text	00000040 printf
20000860 g       .data	00000000 __global_pointer$
00000108 g     F .text	00000028 .hidden __riscv_save_8
0000026a g     F .text	00000036 core_delay_ms
00002310  w      .text	00000000 TIM1_CC_IRQHandler
00003416 g     F .text	00000030 __sseek
00002904 g     F .text	00000066 __sinit
00002502 g     F .text	000000bc __swbuf_r
0000020a g     F .text	00000002 HardFault_Handler
20000068 g     O .data	00000004 baud_rate
000028be g     F .text	00000046 __sfmoreglue
00003562 g     F .text	00000002 __malloc_unlock
00000154 g     F .text	0000000c .hidden __riscv_restore_3
000016aa g     F .text	00000062 cdc_init
00002310  w      .text	00000000 SysTick_Handler
00002310  w      .text	00000000 PVD_IRQHandler
00000140 g     F .text	00000020 .hidden __riscv_restore_10
00000208 g     F .text	00000002 NMI_Handler
00002310  w      .text	00000000 EXTI3_IRQHandler
200000f1 g     O .bss	00000001 ep3_t0_num_bytes
00000108 g     F .text	00000028 .hidden __riscv_save_11
00001100 g     F .text	00000100 cdc_on_out
200000ee g     O .bss	00000001 ep2_t1_num_bytes
000034b2 g     F .text	00000032 _fstat_r
20001278 g     O .bss	00000004 errno
000003aa g     F .text	00000066 gpio_set_mode
20000088 g       .bss	00000000 _sbss
000005da g     F .text	00000022 rcc_compute_pclk1_freq
00000800 g       *ABS*	00000000 __stack_size
200000f5 g     O .bss	00000001 crc8_lfsr
200000ec g     O .bss	00000001 ep2_t0_read_offset
200000f3 g     O .bss	00000001 ep3_wip
00001c84 g     F .text	0000006e tm10_write_reg_spi
00002310  w      .text	00000000 USBFS_IRQHandler
00000394 g     F .text	00000016 dma_transfer
00000154 g     F .text	0000000c .hidden __riscv_restore_2
20000108 g     O .bss	00000020 uart_dma_1_i
00000ee6 g     F .text	00000080 usbd_read_bytes_from_pma
000028b4 g     F .text	0000000a _cleanup_r
00002310  w      .text	00000000 EXTI0_IRQHandler
00002310  w      .text	00000000 I2C2_EV_IRQHandler
00000e56 g     F .text	00000090 usbd_write_bytes_to_pma
000024f8 g     F .text	0000000a puts
200000e0 g     O .bss	00000001 cdc_string_serial_offset
00000e24 g     F .text	00000032 usbd_read_from_pma
000035a8 g     F .text	00000010 _fstat
0000063a g     F .text	00000022 spi_init
00000004 g       .init	00000000 _einit
200000b8 g     O .bss	00000004 usbd_out_callback
0000053c g     F .text	00000072 rcc_compute_sysclk_freq
00000100 g     F .text	00000030 .hidden __riscv_save_12
20000098 g     O .bss	00000004 dma1_channel4_callback
00002310  w      .text	00000000 ADC1_2_IRQHandler
0000065c g     F .text	0000000c spi_transfer
200000f0 g     O .bss	00000001 ep2_t1_zlp
00002310  w      .text	00000000 Break_Point_Handler
200000a0 g     O .bss	00000004 dma1_channel6_callback
200000ef g     O .bss	00000001 ep2_t1_read_offset
00000140 g     F .text	00000020 .hidden __riscv_restore_11
00002310  w      .text	00000000 SPI1_IRQHandler
00003370 g     F .text	00000032 _sbrk_r
00002310  w      .text	00000000 TAMPER_IRQHandler
00000130 g     F .text	0000000c .hidden __riscv_save_1
00001e4c g     F .text	00000072 tm10_handle_rtmi_response
00000154 g     F .text	0000000c .hidden __riscv_restore_0
00003564 g     F .text	00000034 _read_r
00000116 g     F .text	0000001a .hidden __riscv_save_7
200000eb g     O .bss	00000001 ep2_t0_num_bytes
200000d6 g     O .bss	00000002 cdc_last_status_time
00002310  w      .text	00000000 Ecall_M_Mode_Handler
20004800 g       .stack	00000000 _heap_end
000035b8 g     F .text	00000010 _isatty
20000080 g     O .data	00000004 _global_impure_ptr
0000014a g     F .text	00000016 .hidden __riscv_restore_5
20000060 g     O .data	00000008 cdc_line_coding
000002e2 g     F .text	00000014 DMA1_Channel4_IRQHandler
000023ba g     F .text	0000002a _sbrk
000013ca g     F .text	0000029c cdc_on_setup
200000d1 g     O .bss	00000001 cdc_config
20001248 g     O .bss	00000010 ep_config
200000cc g     O .bss	00000004 usbd_wakeup_callback
0000014a g     F .text	00000016 .hidden __riscv_restore_6
00002310  w      .text	00000000 USART3_IRQHandler
00002310  w      .text	00000000 RTC_IRQHandler
00000f66 g     F .text	0000011e cdc_on_sof
2000127c g       .bss	00000000 _ebss
20000928 g     O .bss	00000080 uart_dma_1_tx_buf
00000322 g     F .text	00000016 DMA1_Channel7_IRQHandler
00002310  w      .text	00000000 CAN1_RX1_IRQHandler
0000088a g     F .text	000000a8 uart_dma_read_bytes
200000ed g     O .bss	00000001 ep2_t0_zlp
00001666 g     F .text	00000044 cdc_set_serial_state
200009c8 g     O .bss	00000800 uart_dma_2_rx_buf
200000a8 g     O .bss	00000004 dma1_channel8_callback
000019ca g     F .text	000001ae cdc_write_bytes
00002310  w      .text	00000000 TIM4_IRQHandler
20000094 g     O .bss	00000004 dma1_channel3_callback
00000108 g     F .text	00000028 .hidden __riscv_save_9
200000f4 g     O .bss	00000001 ep3_write_select
00001728 g     F .text	000000d8 cdc_peek
000037a0 g     O .text	00000020 __sf_fake_stderr
00000116 g     F .text	0000001a .hidden __riscv_save_4
2000008c g     O .bss	00000004 dma1_channel1_callback
00002310  w      .text	00000000 I2C1_EV_IRQHandler
200000e4 g     O .bss	00000004 descriptor_ptr
00001ebe g     F .text	0000006e tm10_handle_read_response
0000030c g     F .text	00000016 DMA1_Channel6_IRQHandler
200000ea g     O .bss	00000001 ep2_read_select
00002cfc g     F .text	00000040 __sfputs_r
00002310  w      .text	00000000 UART4_IRQHandler
200000d0 g     O .bss	00000001 cdc_address
00003548 g     F .text	00000018 memchr
20001258 g     O .bss	00000020 prev_rtmi_responses
00002b58 g     F .text	000000a8 _free_r
00002310  w      .text	00000000 TIM3_IRQHandler
00002310  w      .text	00000000 RCC_IRQHandler
00000130 g     F .text	0000000c .hidden __riscv_save_3
00002310  w      .text	00000000 TIM1_TRG_COM_IRQHandler
000002a0 g     F .text	00000014 DMA1_Channel1_IRQHandler
00000880 g     F .text	0000000a uart_dma_peek
00000000 g       .init	00000000 _start
000035c8 g     F .text	00000010 _lseek
00000668 g     F .text	00000066 on_uart_dma_1_tx
00002310  w      .text	00000000 EXTI15_10_IRQHandler
200000d2 g     O .bss	00000001 cdc_control_line_state
00000338 g     F .text	00000016 DMA1_Channel8_IRQHandler
00001c50 g     F .text	00000034 tm10_read_option_flags
200000f8 g     O .bss	00000004 option_flags
00001e08 g     F .text	00000044 tm10_read_request_uart
00003482 g     F .text	00000030 _close_r
20000000 g       .dalign	00000000 _data_vma
2000009c g     O .bss	00000004 dma1_channel5_callback
000025be g     F .text	000000fc __swsetup_r
00002310  w      .text	00000000 EXTI9_5_IRQHandler
0000296a g     F .text	0000009c __sfp
200009a8 g     O .bss	00000020 uart_dma_2_i
00000108 g     F .text	00000028 .hidden __riscv_save_10
000033a2 g     F .text	0000002c __sread
00000726 g     F .text	0000015a uart_dma_init
00003560 g     F .text	00000002 __malloc_lock
0000014a g     F .text	00000016 .hidden __riscv_restore_4
00000140 g     F .text	00000020 .hidden __riscv_restore_8
000027ea g     F .text	00000064 _fflush_r
00000116 g     F .text	0000001a .hidden __riscv_save_6
00002310  w      .text	00000000 SPI2_IRQHandler
000037c0 g     O .text	00000020 __sf_fake_stdin
00000160 g     F .text	000000a8 memset
00001084 g     F .text	0000007c cdc_on_rst
00000140 g     F .text	00000020 .hidden __riscv_restore_9
0000014a g     F .text	00000016 .hidden __riscv_restore_7
00001f2c g     F .text	000003e4 main
00000c7c g     F .text	00000176 usbd_init
00001bca g     F .text	0000001a tm10_write_baud_rate
200011c8 g     O .bss	00000080 uart_dma_2_tx_buf
00003446 g     F .text	00000006 __sclose
0000034e g     F .text	00000046 dma_init
00002c00 g     F .text	000000d4 _malloc_r
00001b78 g     F .text	00000052 crc8_calc_lsb_first
200000c8 g     O .bss	00000004 usbd_suspend_callback
200000b4 g     O .bss	00000004 usbd_in_callback
000002f6 g     F .text	00000016 DMA1_Channel5_IRQHandler
00002310  w      .text	00000000 EXTI4_IRQHandler
200000d8 g     O .bss	00000008 cdc_setup_buf
00000a8e g     F .text	000001b6 USB_LP_CAN1_RX0_IRQHandler
000005ae g     F .text	0000002c rcc_compute_hclk_freq
00000622 g     F .text	00000018 rcc_compute_adcclk
000023e4 g     F .text	00000040 iprintf
00000234 g     F .text	00000036 core_delay_us
00000a28 g     F .text	00000066 USB_HP_CAN1_TX_IRQHandler
200000bc g     O .bss	00000004 usbd_reset_callback
00000000 g       .init	00000000 _sinit
0000344c g     F .text	00000036 _write_r
200000f2 g     O .bss	00000001 ep3_t1_num_bytes
2000006e g     O .data	00000001 rtmi_res_len
000002ca g     F .text	00000018 DMA1_Channel3_IRQHandler
00002fc2 g     F .text	0000010c _printf_common
20000074 g     O .data	00000004 _impure_ptr
00002310  w      .text	00000000 TIM1_UP_IRQHandler
000026ba g     F .text	00000130 __sflush_r
200000b0 g     O .bss	00000004 usbd_esof_callback
200000ac g     O .bss	00000002 sof_count
00002310  w      .text	00000000 WWDG_IRQHandler
00000df2 g     F .text	00000032 usbd_write_to_pma
000005fc g     F .text	00000026 rcc_compute_pclk2_freq
20000090 g     O .bss	00000004 dma1_channel2_callback
00002310  w      .text	00000000 Ecall_U_Mode_Handler
200000c4 g     O .bss	00000004 usbd_sof_callback
00002310  w      .text	00000000 TIM2_IRQHandler
20005000 g       .stack	00000000 _eusrstack
00000130 g     F .text	0000000c .hidden __riscv_save_2
00002310  w      .text	00000000 SW_Handler
0000170c g     F .text	0000001c cdc_bytes_available
00002310  w      .text	00000000 TIM1_BRK_IRQHandler
00002a70 g     F .text	00000058 __swhatbuf_r
00002310  w      .text	00000000 EXTI1_IRQHandler
00000116 g     F .text	0000001a .hidden __riscv_save_5
0000239c g     F .text	0000001e _write
20000088 g       .data	00000000 _edata
2000127c g       .bss	00000000 _end
00002310  w      .text	00000000 RTCAlarm_IRQHandler
0000383c g       .dlalign	00000000 _data_lma
00002310  w      .text	00000000 USART2_IRQHandler
000033ce g     F .text	00000048 __swrite
00002d3c g     F .text	00000286 _vfiprintf_r
00002a06 g     F .text	0000006a _fwalk_reent
00001cf2 g     F .text	000000b8 tm10_read_reg_spi
00002310  w      .text	00000000 I2C2_ER_IRQHandler
000002b4 g     F .text	00000016 DMA1_Channel2_IRQHandler
200000e8 g     O .bss	00000002 ep2_out_res
000037e0 g     O .text	00000020 __sf_fake_stdout
0000013c g     F .text	00000024 .hidden __riscv_restore_12
000035d8 g     F .text	00000010 _read
00002312  w      .text	00000000 handle_reset
00002310  w      .text	00000000 CAN1_SCE_IRQHandler
00002310  w      .text	00000000 FLASH_IRQHandler
00000130 g     F .text	0000000c .hidden __riscv_save_0
00000498 g     F .text	000000a4 rcc_system_init
00002310  w      .text	00000000 USBFSWakeUp_IRQHandler
00002310  w      .text	00000000 USART1_IRQHandler
00002ac8 g     F .text	00000090 __smakebuf_r
000030ce g     F .text	000002a2 _printf_i
20000104 g     O .bss	00000004 __malloc_sbrk_start
200000fc g     O .bss	00000001 rtmi_channel_id
00002310  w      .text	00000000 I2C1_ER_IRQHandler
00001800 g     F .text	000001ca cdc_read_bytes
2000006d g     O .data	00000001 read_res_len
20000100 g     O .bss	00000004 __malloc_free_list
00000154 g     F .text	0000000c .hidden __riscv_restore_1
000012b0 g     F .text	0000011a cdc_on_in
000006ce g     F .text	00000058 on_uart_dma_2_tx
00001be4 g     F .text	0000006c tm10_write_option_flags
00002d3c g     F .text	00000286 _vfprintf_r
200000d4 g     O .bss	00000002 cdc_last_data_time
200000c0 g     O .bss	00000004 usbd_setup_callback
200000a4 g     O .bss	00000004 dma1_channel7_callback
2000006c g     O .data	00000001 crc8_poly
00000c44 g     F .text	00000038 USBWakeUp_IRQHandler
0000020c g     F .text	00000028 core_delay_init
00003598 g     F .text	00000010 _close



Disassembly of section .init:

00000000 <_sinit>:
   0:	3120206f          	j	2312 <handle_reset>

Disassembly of section .vector:

00000004 <_vector_base>:
	...
   c:	0208                	addi	a0,sp,256
   e:	0000                	unimp
  10:	020a                	slli	tp,tp,0x2
  12:	0000                	unimp
  14:	0000                	unimp
  16:	0000                	unimp
  18:	2310                	lbu	a2,0(a4)
	...
  22:	0000                	unimp
  24:	2310                	lbu	a2,0(a4)
  26:	0000                	unimp
  28:	2310                	lbu	a2,0(a4)
	...
  32:	0000                	unimp
  34:	2310                	lbu	a2,0(a4)
  36:	0000                	unimp
  38:	0000                	unimp
  3a:	0000                	unimp
  3c:	2310                	lbu	a2,0(a4)
  3e:	0000                	unimp
  40:	0000                	unimp
  42:	0000                	unimp
  44:	2310                	lbu	a2,0(a4)
  46:	0000                	unimp
  48:	2310                	lbu	a2,0(a4)
  4a:	0000                	unimp
  4c:	2310                	lbu	a2,0(a4)
  4e:	0000                	unimp
  50:	2310                	lbu	a2,0(a4)
  52:	0000                	unimp
  54:	2310                	lbu	a2,0(a4)
  56:	0000                	unimp
  58:	2310                	lbu	a2,0(a4)
  5a:	0000                	unimp
  5c:	2310                	lbu	a2,0(a4)
  5e:	0000                	unimp
  60:	2310                	lbu	a2,0(a4)
  62:	0000                	unimp
  64:	2310                	lbu	a2,0(a4)
  66:	0000                	unimp
  68:	2310                	lbu	a2,0(a4)
  6a:	0000                	unimp
  6c:	2310                	lbu	a2,0(a4)
  6e:	0000                	unimp
  70:	02a0                	addi	s0,sp,328
  72:	0000                	unimp
  74:	02b4                	addi	a3,sp,328
  76:	0000                	unimp
  78:	02ca                	slli	t0,t0,0x12
  7a:	0000                	unimp
  7c:	02e2                	slli	t0,t0,0x18
  7e:	0000                	unimp
  80:	02f6                	slli	t0,t0,0x1d
  82:	0000                	unimp
  84:	030c                	addi	a1,sp,384
  86:	0000                	unimp
  88:	0322                	slli	t1,t1,0x8
  8a:	0000                	unimp
  8c:	2310                	lbu	a2,0(a4)
  8e:	0000                	unimp
  90:	0a28                	addi	a0,sp,280
  92:	0000                	unimp
  94:	0a8e                	slli	s5,s5,0x3
  96:	0000                	unimp
  98:	2310                	lbu	a2,0(a4)
  9a:	0000                	unimp
  9c:	2310                	lbu	a2,0(a4)
  9e:	0000                	unimp
  a0:	2310                	lbu	a2,0(a4)
  a2:	0000                	unimp
  a4:	2310                	lbu	a2,0(a4)
  a6:	0000                	unimp
  a8:	2310                	lbu	a2,0(a4)
  aa:	0000                	unimp
  ac:	2310                	lbu	a2,0(a4)
  ae:	0000                	unimp
  b0:	2310                	lbu	a2,0(a4)
  b2:	0000                	unimp
  b4:	2310                	lbu	a2,0(a4)
  b6:	0000                	unimp
  b8:	2310                	lbu	a2,0(a4)
  ba:	0000                	unimp
  bc:	2310                	lbu	a2,0(a4)
  be:	0000                	unimp
  c0:	2310                	lbu	a2,0(a4)
  c2:	0000                	unimp
  c4:	2310                	lbu	a2,0(a4)
  c6:	0000                	unimp
  c8:	2310                	lbu	a2,0(a4)
  ca:	0000                	unimp
  cc:	2310                	lbu	a2,0(a4)
  ce:	0000                	unimp
  d0:	2310                	lbu	a2,0(a4)
  d2:	0000                	unimp
  d4:	2310                	lbu	a2,0(a4)
  d6:	0000                	unimp
  d8:	2310                	lbu	a2,0(a4)
  da:	0000                	unimp
  dc:	2310                	lbu	a2,0(a4)
  de:	0000                	unimp
  e0:	2310                	lbu	a2,0(a4)
  e2:	0000                	unimp
  e4:	2310                	lbu	a2,0(a4)
  e6:	0000                	unimp
  e8:	2310                	lbu	a2,0(a4)
  ea:	0000                	unimp
  ec:	0c44                	addi	s1,sp,532
  ee:	0000                	unimp
  f0:	2310                	lbu	a2,0(a4)
  f2:	0000                	unimp
  f4:	2310                	lbu	a2,0(a4)
  f6:	0000                	unimp
  f8:	2310                	lbu	a2,0(a4)
  fa:	0000                	unimp
  fc:	0338                	addi	a4,sp,392
	...

Disassembly of section .text:

00000100 <__riscv_save_12>:
     100:	7139                	addi	sp,sp,-64
     102:	4301                	li	t1,0
     104:	c66e                	sw	s11,12(sp)
     106:	a019                	j	10c <__riscv_save_10+0x4>

00000108 <__riscv_save_10>:
     108:	7139                	addi	sp,sp,-64
     10a:	5341                	li	t1,-16
     10c:	c86a                	sw	s10,16(sp)
     10e:	ca66                	sw	s9,20(sp)
     110:	cc62                	sw	s8,24(sp)
     112:	ce5e                	sw	s7,28(sp)
     114:	a019                	j	11a <__riscv_save_4+0x4>

00000116 <__riscv_save_4>:
     116:	7139                	addi	sp,sp,-64
     118:	5301                	li	t1,-32
     11a:	d05a                	sw	s6,32(sp)
     11c:	d256                	sw	s5,36(sp)
     11e:	d452                	sw	s4,40(sp)
     120:	d64e                	sw	s3,44(sp)
     122:	d84a                	sw	s2,48(sp)
     124:	da26                	sw	s1,52(sp)
     126:	dc22                	sw	s0,56(sp)
     128:	de06                	sw	ra,60(sp)
     12a:	40610133          	sub	sp,sp,t1
     12e:	8282                	jr	t0

00000130 <__riscv_save_0>:
     130:	1141                	addi	sp,sp,-16
     132:	c04a                	sw	s2,0(sp)
     134:	c226                	sw	s1,4(sp)
     136:	c422                	sw	s0,8(sp)
     138:	c606                	sw	ra,12(sp)
     13a:	8282                	jr	t0

0000013c <__riscv_restore_12>:
     13c:	4db2                	lw	s11,12(sp)
     13e:	0141                	addi	sp,sp,16

00000140 <__riscv_restore_10>:
     140:	4d02                	lw	s10,0(sp)
     142:	4c92                	lw	s9,4(sp)
     144:	4c22                	lw	s8,8(sp)
     146:	4bb2                	lw	s7,12(sp)
     148:	0141                	addi	sp,sp,16

0000014a <__riscv_restore_4>:
     14a:	4b02                	lw	s6,0(sp)
     14c:	4a92                	lw	s5,4(sp)
     14e:	4a22                	lw	s4,8(sp)
     150:	49b2                	lw	s3,12(sp)
     152:	0141                	addi	sp,sp,16

00000154 <__riscv_restore_0>:
     154:	4902                	lw	s2,0(sp)
     156:	4492                	lw	s1,4(sp)
     158:	4422                	lw	s0,8(sp)
     15a:	40b2                	lw	ra,12(sp)
     15c:	0141                	addi	sp,sp,16
     15e:	8082                	ret

00000160 <memset>:
     160:	433d                	li	t1,15
     162:	872a                	mv	a4,a0
     164:	02c37363          	bgeu	t1,a2,18a <memset+0x2a>
     168:	00f77793          	andi	a5,a4,15
     16c:	efbd                	bnez	a5,1ea <memset+0x8a>
     16e:	e5ad                	bnez	a1,1d8 <memset+0x78>
     170:	ff067693          	andi	a3,a2,-16
     174:	8a3d                	andi	a2,a2,15
     176:	96ba                	add	a3,a3,a4
     178:	c30c                	sw	a1,0(a4)
     17a:	c34c                	sw	a1,4(a4)
     17c:	c70c                	sw	a1,8(a4)
     17e:	c74c                	sw	a1,12(a4)
     180:	0741                	addi	a4,a4,16
     182:	fed76be3          	bltu	a4,a3,178 <memset+0x18>
     186:	e211                	bnez	a2,18a <memset+0x2a>
     188:	8082                	ret
     18a:	40c306b3          	sub	a3,t1,a2
     18e:	068a                	slli	a3,a3,0x2
     190:	00000297          	auipc	t0,0x0
     194:	9696                	add	a3,a3,t0
     196:	00a68067          	jr	10(a3)
     19a:	00b70723          	sb	a1,14(a4)
     19e:	00b706a3          	sb	a1,13(a4)
     1a2:	00b70623          	sb	a1,12(a4)
     1a6:	00b705a3          	sb	a1,11(a4)
     1aa:	00b70523          	sb	a1,10(a4)
     1ae:	00b704a3          	sb	a1,9(a4)
     1b2:	00b70423          	sb	a1,8(a4)
     1b6:	00b703a3          	sb	a1,7(a4)
     1ba:	00b70323          	sb	a1,6(a4)
     1be:	00b702a3          	sb	a1,5(a4)
     1c2:	00b70223          	sb	a1,4(a4)
     1c6:	00b701a3          	sb	a1,3(a4)
     1ca:	00b70123          	sb	a1,2(a4)
     1ce:	00b700a3          	sb	a1,1(a4)
     1d2:	00b70023          	sb	a1,0(a4)
     1d6:	8082                	ret
     1d8:	0ff5f593          	andi	a1,a1,255
     1dc:	00859693          	slli	a3,a1,0x8
     1e0:	8dd5                	or	a1,a1,a3
     1e2:	01059693          	slli	a3,a1,0x10
     1e6:	8dd5                	or	a1,a1,a3
     1e8:	b761                	j	170 <memset+0x10>
     1ea:	00279693          	slli	a3,a5,0x2
     1ee:	00000297          	auipc	t0,0x0
     1f2:	9696                	add	a3,a3,t0
     1f4:	8286                	mv	t0,ra
     1f6:	fa8680e7          	jalr	-88(a3)
     1fa:	8096                	mv	ra,t0
     1fc:	17c1                	addi	a5,a5,-16
     1fe:	8f1d                	sub	a4,a4,a5
     200:	963e                	add	a2,a2,a5
     202:	f8c374e3          	bgeu	t1,a2,18a <memset+0x2a>
     206:	b7a5                	j	16e <memset+0xe>

00000208 <NMI_Handler>:
     208:	a001                	j	208 <NMI_Handler>

0000020a <HardFault_Handler>:
     20a:	a001                	j	20a <HardFault_Handler>

0000020c <core_delay_init>:
     20c:	f25ff2ef          	jal	t0,130 <__riscv_save_0>
     210:	2e79                	jal	5ae <rcc_compute_hclk_freq>
     212:	007a17b7          	lui	a5,0x7a1
     216:	20078793          	addi	a5,a5,512 # 7a1200 <_data_lma+0x79d9c4>
     21a:	02f55533          	divu	a0,a0,a5
     21e:	0ff57513          	andi	a0,a0,255
     222:	82a18523          	sb	a0,-2006(gp) # 2000008a <p_us>
     226:	3e800793          	li	a5,1000
     22a:	02f50533          	mul	a0,a0,a5
     22e:	82a19423          	sh	a0,-2008(gp) # 20000088 <_edata>
     232:	b70d                	j	154 <__riscv_restore_0>

00000234 <core_delay_us>:
     234:	e000f7b7          	lui	a5,0xe000f
     238:	43d8                	lw	a4,4(a5)
     23a:	4681                	li	a3,0
     23c:	9b79                	andi	a4,a4,-2
     23e:	c3d8                	sw	a4,4(a5)
     240:	82a1c703          	lbu	a4,-2006(gp) # 2000008a <p_us>
     244:	02a70633          	mul	a2,a4,a0
     248:	cb90                	sw	a2,16(a5)
     24a:	cbd4                	sw	a3,20(a5)
     24c:	4398                	lw	a4,0(a5)
     24e:	01076713          	ori	a4,a4,16
     252:	c398                	sw	a4,0(a5)
     254:	4398                	lw	a4,0(a5)
     256:	02176713          	ori	a4,a4,33
     25a:	c398                	sw	a4,0(a5)
     25c:	43d8                	lw	a4,4(a5)
     25e:	8b05                	andi	a4,a4,1
     260:	df75                	beqz	a4,25c <core_delay_us+0x28>
     262:	4398                	lw	a4,0(a5)
     264:	9b79                	andi	a4,a4,-2
     266:	c398                	sw	a4,0(a5)
     268:	8082                	ret

0000026a <core_delay_ms>:
     26a:	e000f7b7          	lui	a5,0xe000f
     26e:	43d8                	lw	a4,4(a5)
     270:	4681                	li	a3,0
     272:	9b79                	andi	a4,a4,-2
     274:	c3d8                	sw	a4,4(a5)
     276:	8281d703          	lhu	a4,-2008(gp) # 20000088 <_edata>
     27a:	02a70633          	mul	a2,a4,a0
     27e:	cb90                	sw	a2,16(a5)
     280:	cbd4                	sw	a3,20(a5)
     282:	4398                	lw	a4,0(a5)
     284:	01076713          	ori	a4,a4,16
     288:	c398                	sw	a4,0(a5)
     28a:	4398                	lw	a4,0(a5)
     28c:	02176713          	ori	a4,a4,33
     290:	c398                	sw	a4,0(a5)
     292:	43d8                	lw	a4,4(a5)
     294:	8b05                	andi	a4,a4,1
     296:	df75                	beqz	a4,292 <core_delay_ms+0x28>
     298:	4398                	lw	a4,0(a5)
     29a:	9b79                	andi	a4,a4,-2
     29c:	c398                	sw	a4,0(a5)
     29e:	8082                	ret

000002a0 <DMA1_Channel1_IRQHandler>:
     2a0:	82c1a783          	lw	a5,-2004(gp) # 2000008c <dma1_channel1_callback>
     2a4:	c391                	beqz	a5,2a8 <DMA1_Channel1_IRQHandler+0x8>
     2a6:	9782                	jalr	a5
     2a8:	400207b7          	lui	a5,0x40020
     2ac:	473d                	li	a4,15
     2ae:	c3d8                	sw	a4,4(a5)
     2b0:	30200073          	mret

000002b4 <DMA1_Channel2_IRQHandler>:
     2b4:	8301a783          	lw	a5,-2000(gp) # 20000090 <dma1_channel2_callback>
     2b8:	c391                	beqz	a5,2bc <DMA1_Channel2_IRQHandler+0x8>
     2ba:	9782                	jalr	a5
     2bc:	400207b7          	lui	a5,0x40020
     2c0:	0f000713          	li	a4,240
     2c4:	c3d8                	sw	a4,4(a5)
     2c6:	30200073          	mret

000002ca <DMA1_Channel3_IRQHandler>:
     2ca:	8341a783          	lw	a5,-1996(gp) # 20000094 <dma1_channel3_callback>
     2ce:	c391                	beqz	a5,2d2 <DMA1_Channel3_IRQHandler+0x8>
     2d0:	9782                	jalr	a5
     2d2:	6785                	lui	a5,0x1
     2d4:	40020737          	lui	a4,0x40020
     2d8:	f0078793          	addi	a5,a5,-256 # f00 <usbd_read_bytes_from_pma+0x1a>
     2dc:	c35c                	sw	a5,4(a4)
     2de:	30200073          	mret

000002e2 <DMA1_Channel4_IRQHandler>:
     2e2:	8381a783          	lw	a5,-1992(gp) # 20000098 <dma1_channel4_callback>
     2e6:	c391                	beqz	a5,2ea <DMA1_Channel4_IRQHandler+0x8>
     2e8:	9782                	jalr	a5
     2ea:	400207b7          	lui	a5,0x40020
     2ee:	673d                	lui	a4,0xf
     2f0:	c3d8                	sw	a4,4(a5)
     2f2:	30200073          	mret

000002f6 <DMA1_Channel5_IRQHandler>:
     2f6:	83c1a783          	lw	a5,-1988(gp) # 2000009c <dma1_channel5_callback>
     2fa:	c391                	beqz	a5,2fe <DMA1_Channel5_IRQHandler+0x8>
     2fc:	9782                	jalr	a5
     2fe:	400207b7          	lui	a5,0x40020
     302:	000f0737          	lui	a4,0xf0
     306:	c3d8                	sw	a4,4(a5)
     308:	30200073          	mret

0000030c <DMA1_Channel6_IRQHandler>:
     30c:	8401a783          	lw	a5,-1984(gp) # 200000a0 <dma1_channel6_callback>
     310:	c391                	beqz	a5,314 <DMA1_Channel6_IRQHandler+0x8>
     312:	9782                	jalr	a5
     314:	400207b7          	lui	a5,0x40020
     318:	00f00737          	lui	a4,0xf00
     31c:	c3d8                	sw	a4,4(a5)
     31e:	30200073          	mret

00000322 <DMA1_Channel7_IRQHandler>:
     322:	8441a783          	lw	a5,-1980(gp) # 200000a4 <dma1_channel7_callback>
     326:	c391                	beqz	a5,32a <DMA1_Channel7_IRQHandler+0x8>
     328:	9782                	jalr	a5
     32a:	400207b7          	lui	a5,0x40020
     32e:	0f000737          	lui	a4,0xf000
     332:	c3d8                	sw	a4,4(a5)
     334:	30200073          	mret

00000338 <DMA1_Channel8_IRQHandler>:
     338:	8481a783          	lw	a5,-1976(gp) # 200000a8 <dma1_channel8_callback>
     33c:	c391                	beqz	a5,340 <DMA1_Channel8_IRQHandler+0x8>
     33e:	9782                	jalr	a5
     340:	400207b7          	lui	a5,0x40020
     344:	f0000737          	lui	a4,0xf0000
     348:	c3d8                	sw	a4,4(a5)
     34a:	30200073          	mret

0000034e <dma_init>:
     34e:	400207b7          	lui	a5,0x40020
     352:	577d                	li	a4,-1
     354:	c3d8                	sw	a4,4(a5)
     356:	e000e7b7          	lui	a5,0xe000e
     35a:	08000737          	lui	a4,0x8000
     35e:	10e7a023          	sw	a4,256(a5) # e000e100 <_eusrstack+0xc0009100>
     362:	10000737          	lui	a4,0x10000
     366:	10e7a023          	sw	a4,256(a5)
     36a:	20000737          	lui	a4,0x20000
     36e:	10e7a023          	sw	a4,256(a5)
     372:	40000737          	lui	a4,0x40000
     376:	10e7a023          	sw	a4,256(a5)
     37a:	800006b7          	lui	a3,0x80000
     37e:	10d7a023          	sw	a3,256(a5)
     382:	4685                	li	a3,1
     384:	10d7a223          	sw	a3,260(a5)
     388:	4689                	li	a3,2
     38a:	10d7a223          	sw	a3,260(a5)
     38e:	10e7a223          	sw	a4,260(a5)
     392:	8082                	ret

00000394 <dma_transfer>:
     394:	411c                	lw	a5,0(a0)
     396:	9bf9                	andi	a5,a5,-2
     398:	c11c                	sw	a5,0(a0)
     39a:	c54c                	sw	a1,12(a0)
     39c:	c510                	sw	a2,8(a0)
     39e:	c154                	sw	a3,4(a0)
     3a0:	411c                	lw	a5,0(a0)
     3a2:	0017e793          	ori	a5,a5,1
     3a6:	c11c                	sw	a5,0(a0)
     3a8:	8082                	ret

000003aa <gpio_set_mode>:
     3aa:	872e                	mv	a4,a1
     3ac:	47a1                	li	a5,8
     3ae:	46bd                	li	a3,15
     3b0:	00167813          	andi	a6,a2,1
     3b4:	02080063          	beqz	a6,3d4 <gpio_set_mode+0x2a>
     3b8:	00052883          	lw	a7,0(a0)
     3bc:	fff6c813          	not	a6,a3
     3c0:	01187833          	and	a6,a6,a7
     3c4:	01052023          	sw	a6,0(a0)
     3c8:	00052803          	lw	a6,0(a0)
     3cc:	00e86833          	or	a6,a6,a4
     3d0:	01052023          	sw	a6,0(a0)
     3d4:	17fd                	addi	a5,a5,-1
     3d6:	0ff7f793          	andi	a5,a5,255
     3da:	0692                	slli	a3,a3,0x4
     3dc:	0712                	slli	a4,a4,0x4
     3de:	8205                	srli	a2,a2,0x1
     3e0:	fbe1                	bnez	a5,3b0 <gpio_set_mode+0x6>
     3e2:	47a1                	li	a5,8
     3e4:	473d                	li	a4,15
     3e6:	00167693          	andi	a3,a2,1
     3ea:	ca99                	beqz	a3,400 <gpio_set_mode+0x56>
     3ec:	00452803          	lw	a6,4(a0)
     3f0:	fff74693          	not	a3,a4
     3f4:	0106f6b3          	and	a3,a3,a6
     3f8:	c154                	sw	a3,4(a0)
     3fa:	4154                	lw	a3,4(a0)
     3fc:	8ecd                	or	a3,a3,a1
     3fe:	c154                	sw	a3,4(a0)
     400:	17fd                	addi	a5,a5,-1
     402:	0ff7f793          	andi	a5,a5,255
     406:	0712                	slli	a4,a4,0x4
     408:	0592                	slli	a1,a1,0x4
     40a:	8205                	srli	a2,a2,0x1
     40c:	ffe9                	bnez	a5,3e6 <gpio_set_mode+0x3c>
     40e:	8082                	ret

00000410 <rcc_hse_init>:
     410:	400217b7          	lui	a5,0x40021
     414:	4398                	lw	a4,0(a5)
     416:	76c1                	lui	a3,0xffff0
     418:	16fd                	addi	a3,a3,-1
     41a:	8f75                	and	a4,a4,a3
     41c:	c398                	sw	a4,0(a5)
     41e:	4398                	lw	a4,0(a5)
     420:	fff406b7          	lui	a3,0xfff40
     424:	16fd                	addi	a3,a3,-1
     426:	8f75                	and	a4,a4,a3
     428:	c398                	sw	a4,0(a5)
     42a:	4398                	lw	a4,0(a5)
     42c:	66c1                	lui	a3,0x10
     42e:	8d59                	or	a0,a0,a4
     430:	c388                	sw	a0,0(a5)
     432:	4398                	lw	a4,0(a5)
     434:	8f55                	or	a4,a4,a3
     436:	c398                	sw	a4,0(a5)
     438:	6785                	lui	a5,0x1
     43a:	40021737          	lui	a4,0x40021
     43e:	4314                	lw	a3,0(a4)
     440:	00e69613          	slli	a2,a3,0xe
     444:	00064663          	bltz	a2,450 <rcc_hse_init+0x40>
     448:	17fd                	addi	a5,a5,-1
     44a:	07c2                	slli	a5,a5,0x10
     44c:	83c1                	srli	a5,a5,0x10
     44e:	fbe5                	bnez	a5,43e <rcc_hse_init+0x2e>
     450:	400217b7          	lui	a5,0x40021
     454:	4388                	lw	a0,0(a5)
     456:	8145                	srli	a0,a0,0x11
     458:	8905                	andi	a0,a0,1
     45a:	8082                	ret

0000045c <rcc_init_pll>:
     45c:	400217b7          	lui	a5,0x40021
     460:	4398                	lw	a4,0(a5)
     462:	ff0006b7          	lui	a3,0xff000
     466:	16fd                	addi	a3,a3,-1
     468:	8f75                	and	a4,a4,a3
     46a:	c398                	sw	a4,0(a5)
     46c:	43d8                	lw	a4,4(a5)
     46e:	ffc106b7          	lui	a3,0xffc10
     472:	16fd                	addi	a3,a3,-1
     474:	8f75                	and	a4,a4,a3
     476:	c3d8                	sw	a4,4(a5)
     478:	43d8                	lw	a4,4(a5)
     47a:	010006b7          	lui	a3,0x1000
     47e:	8d59                	or	a0,a0,a4
     480:	c3c8                	sw	a0,4(a5)
     482:	4398                	lw	a4,0(a5)
     484:	8f55                	or	a4,a4,a3
     486:	c398                	sw	a4,0(a5)
     488:	40021737          	lui	a4,0x40021
     48c:	431c                	lw	a5,0(a4)
     48e:	00679693          	slli	a3,a5,0x6
     492:	fe06dde3          	bgez	a3,48c <rcc_init_pll+0x30>
     496:	8082                	ret

00000498 <rcc_system_init>:
     498:	c99ff2ef          	jal	t0,130 <__riscv_save_0>
     49c:	40021437          	lui	s0,0x40021
     4a0:	401c                	lw	a5,0(s0)
     4a2:	f83fc737          	lui	a4,0xf83fc
     4a6:	0731                	addi	a4,a4,12
     4a8:	0017e793          	ori	a5,a5,1
     4ac:	c01c                	sw	a5,0(s0)
     4ae:	405c                	lw	a5,4(s0)
     4b0:	4501                	li	a0,0
     4b2:	8ff9                	and	a5,a5,a4
     4b4:	c05c                	sw	a5,4(s0)
     4b6:	401c                	lw	a5,0(s0)
     4b8:	ff000737          	lui	a4,0xff000
     4bc:	177d                	addi	a4,a4,-1
     4be:	8ff9                	and	a5,a5,a4
     4c0:	c01c                	sw	a5,0(s0)
     4c2:	40024737          	lui	a4,0x40024
     4c6:	80072783          	lw	a5,-2048(a4) # 40023800 <_eusrstack+0x2001e800>
     4ca:	0107e793          	ori	a5,a5,16
     4ce:	80f72023          	sw	a5,-2048(a4)
     4d2:	001f07b7          	lui	a5,0x1f0
     4d6:	c41c                	sw	a5,8(s0)
     4d8:	3f25                	jal	410 <rcc_hse_init>
     4da:	c125                	beqz	a0,53a <rcc_system_init+0xa2>
     4dc:	405c                	lw	a5,4(s0)
     4de:	7771                	lui	a4,0xffffc
     4e0:	7ff70713          	addi	a4,a4,2047 # ffffc7ff <_eusrstack+0xdfff77ff>
     4e4:	f0f7f793          	andi	a5,a5,-241
     4e8:	c05c                	sw	a5,4(s0)
     4ea:	405c                	lw	a5,4(s0)
     4ec:	00290537          	lui	a0,0x290
     4f0:	8ff7f793          	andi	a5,a5,-1793
     4f4:	4007e793          	ori	a5,a5,1024
     4f8:	c05c                	sw	a5,4(s0)
     4fa:	405c                	lw	a5,4(s0)
     4fc:	8ff9                	and	a5,a5,a4
     4fe:	c05c                	sw	a5,4(s0)
     500:	405c                	lw	a5,4(s0)
     502:	6731                	lui	a4,0xc
     504:	8fd9                	or	a5,a5,a4
     506:	c05c                	sw	a5,4(s0)
     508:	405c                	lw	a5,4(s0)
     50a:	ff400737          	lui	a4,0xff400
     50e:	177d                	addi	a4,a4,-1
     510:	8ff9                	and	a5,a5,a4
     512:	00400737          	lui	a4,0x400
     516:	8fd9                	or	a5,a5,a4
     518:	c05c                	sw	a5,4(s0)
     51a:	3789                	jal	45c <rcc_init_pll>
     51c:	405c                	lw	a5,4(s0)
     51e:	46a1                	li	a3,8
     520:	9bf1                	andi	a5,a5,-4
     522:	0027e793          	ori	a5,a5,2
     526:	c05c                	sw	a5,4(s0)
     528:	400217b7          	lui	a5,0x40021
     52c:	43d8                	lw	a4,4(a5)
     52e:	8b31                	andi	a4,a4,12
     530:	fed71ee3          	bne	a4,a3,52c <rcc_system_init+0x94>
     534:	4398                	lw	a4,0(a5)
     536:	9b79                	andi	a4,a4,-2
     538:	c398                	sw	a4,0(a5)
     53a:	b929                	j	154 <__riscv_restore_0>

0000053c <rcc_compute_sysclk_freq>:
     53c:	40021737          	lui	a4,0x40021
     540:	435c                	lw	a5,4(a4)
     542:	4691                	li	a3,4
     544:	8bb1                	andi	a5,a5,12
     546:	04d78f63          	beq	a5,a3,5a4 <rcc_compute_sysclk_freq+0x68>
     54a:	46a1                	li	a3,8
     54c:	00d78563          	beq	a5,a3,556 <rcc_compute_sysclk_freq+0x1a>
     550:	cbb1                	beqz	a5,5a4 <rcc_compute_sysclk_freq+0x68>
     552:	4501                	li	a0,0
     554:	8082                	ret
     556:	4348                	lw	a0,4(a4)
     558:	4745                	li	a4,17
     55a:	8149                	srli	a0,a0,0x12
     55c:	893d                	andi	a0,a0,15
     55e:	00250793          	addi	a5,a0,2 # 290002 <_data_lma+0x28c7c6>
     562:	00e79363          	bne	a5,a4,568 <rcc_compute_sysclk_freq+0x2c>
     566:	47c9                	li	a5,18
     568:	40021737          	lui	a4,0x40021
     56c:	4354                	lw	a3,4(a4)
     56e:	00f69613          	slli	a2,a3,0xf
     572:	00065c63          	bgez	a2,58a <rcc_compute_sysclk_freq+0x4e>
     576:	4358                	lw	a4,4(a4)
     578:	00e71693          	slli	a3,a4,0xe
     57c:	0006dd63          	bgez	a3,596 <rcc_compute_sysclk_freq+0x5a>
     580:	003d1537          	lui	a0,0x3d1
     584:	90050513          	addi	a0,a0,-1792 # 3d0900 <_data_lma+0x3cd0c4>
     588:	a819                	j	59e <rcc_compute_sysclk_freq+0x62>
     58a:	40024737          	lui	a4,0x40024
     58e:	80072703          	lw	a4,-2048(a4) # 40023800 <_eusrstack+0x2001e800>
     592:	8b41                	andi	a4,a4,16
     594:	d775                	beqz	a4,580 <rcc_compute_sysclk_freq+0x44>
     596:	007a1537          	lui	a0,0x7a1
     59a:	20050513          	addi	a0,a0,512 # 7a1200 <_data_lma+0x79d9c4>
     59e:	02f50533          	mul	a0,a0,a5
     5a2:	8082                	ret
     5a4:	007a1537          	lui	a0,0x7a1
     5a8:	20050513          	addi	a0,a0,512 # 7a1200 <_data_lma+0x79d9c4>
     5ac:	8082                	ret

000005ae <rcc_compute_hclk_freq>:
     5ae:	b83ff2ef          	jal	t0,130 <__riscv_save_0>
     5b2:	3769                	jal	53c <rcc_compute_sysclk_freq>
     5b4:	400217b7          	lui	a5,0x40021
     5b8:	43dc                	lw	a5,4(a5)
     5ba:	4701                	li	a4,0
     5bc:	8391                	srli	a5,a5,0x4
     5be:	0087f693          	andi	a3,a5,8
     5c2:	ca89                	beqz	a3,5d4 <rcc_compute_hclk_freq+0x26>
     5c4:	0077f693          	andi	a3,a5,7
     5c8:	8b91                	andi	a5,a5,4
     5ca:	00168713          	addi	a4,a3,1 # 1000001 <_data_lma+0xffc7c5>
     5ce:	c399                	beqz	a5,5d4 <rcc_compute_hclk_freq+0x26>
     5d0:	00268713          	addi	a4,a3,2
     5d4:	00e55533          	srl	a0,a0,a4
     5d8:	beb5                	j	154 <__riscv_restore_0>

000005da <rcc_compute_pclk1_freq>:
     5da:	b57ff2ef          	jal	t0,130 <__riscv_save_0>
     5de:	3fc1                	jal	5ae <rcc_compute_hclk_freq>
     5e0:	400217b7          	lui	a5,0x40021
     5e4:	43dc                	lw	a5,4(a5)
     5e6:	4701                	li	a4,0
     5e8:	83a1                	srli	a5,a5,0x8
     5ea:	0047f693          	andi	a3,a5,4
     5ee:	c681                	beqz	a3,5f6 <rcc_compute_pclk1_freq+0x1c>
     5f0:	8b8d                	andi	a5,a5,3
     5f2:	00178713          	addi	a4,a5,1 # 40021001 <_eusrstack+0x2001c001>
     5f6:	00e55533          	srl	a0,a0,a4
     5fa:	bea9                	j	154 <__riscv_restore_0>

000005fc <rcc_compute_pclk2_freq>:
     5fc:	b35ff2ef          	jal	t0,130 <__riscv_save_0>
     600:	377d                	jal	5ae <rcc_compute_hclk_freq>
     602:	400217b7          	lui	a5,0x40021
     606:	43d4                	lw	a3,4(a5)
     608:	4701                	li	a4,0
     60a:	01269613          	slli	a2,a3,0x12
     60e:	00065763          	bgez	a2,61c <rcc_compute_pclk2_freq+0x20>
     612:	00b6d793          	srli	a5,a3,0xb
     616:	8b8d                	andi	a5,a5,3
     618:	00178713          	addi	a4,a5,1 # 40021001 <_eusrstack+0x2001c001>
     61c:	00e55533          	srl	a0,a0,a4
     620:	be15                	j	154 <__riscv_restore_0>

00000622 <rcc_compute_adcclk>:
     622:	b0fff2ef          	jal	t0,130 <__riscv_save_0>
     626:	3fd9                	jal	5fc <rcc_compute_pclk2_freq>
     628:	400217b7          	lui	a5,0x40021
     62c:	43dc                	lw	a5,4(a5)
     62e:	83b5                	srli	a5,a5,0xd
     630:	8b99                	andi	a5,a5,6
     632:	0789                	addi	a5,a5,2
     634:	02f55533          	divu	a0,a0,a5
     638:	be31                	j	154 <__riscv_restore_0>

0000063a <spi_init>:
     63a:	00051023          	sh	zero,0(a0)
     63e:	30400793          	li	a5,772
     642:	a11e                	sh	a5,0(a0)
     644:	211e                	lhu	a5,0(a0)
     646:	8ddd                	or	a1,a1,a5
     648:	a10e                	sh	a1,0(a0)
     64a:	4791                	li	a5,4
     64c:	a15e                	sh	a5,4(a0)
     64e:	00051e23          	sh	zero,28(a0)
     652:	211e                	lhu	a5,0(a0)
     654:	0407e793          	ori	a5,a5,64
     658:	a11e                	sh	a5,0(a0)
     65a:	8082                	ret

0000065c <spi_transfer>:
     65c:	a54e                	sh	a1,12(a0)
     65e:	251e                	lhu	a5,8(a0)
     660:	8b85                	andi	a5,a5,1
     662:	dff5                	beqz	a5,65e <spi_transfer+0x2>
     664:	254a                	lhu	a0,12(a0)
     666:	8082                	ret

00000668 <on_uart_dma_1_tx>:
     668:	8a818593          	addi	a1,gp,-1880 # 20000108 <uart_dma_1_i>
     66c:	4994                	lw	a3,16(a1)
     66e:	29d2                	lhu	a2,20(a1)
     670:	01e5d883          	lhu	a7,30(a1)
     674:	429c                	lw	a5,0(a3)
     676:	0185a803          	lw	a6,24(a1)
     67a:	fff60713          	addi	a4,a2,-1
     67e:	9bf9                	andi	a5,a5,-2
     680:	c29c                	sw	a5,0(a3)
     682:	46dc                	lw	a5,12(a3)
     684:	0742                	slli	a4,a4,0x10
     686:	8741                	srai	a4,a4,0x10
     688:	97c6                	add	a5,a5,a7
     68a:	410787b3          	sub	a5,a5,a6
     68e:	8ff9                	and	a5,a5,a4
     690:	2dce                	lhu	a1,28(a1)
     692:	07c2                	slli	a5,a5,0x10
     694:	83c1                	srli	a5,a5,0x10
     696:	8d9d                	sub	a1,a1,a5
     698:	8f6d                	and	a4,a4,a1
     69a:	983e                	add	a6,a6,a5
     69c:	0742                	slli	a4,a4,0x10
     69e:	0106a623          	sw	a6,12(a3)
     6a2:	8341                	srli	a4,a4,0x10
     6a4:	8a818513          	addi	a0,gp,-1880 # 20000108 <uart_dma_1_i>
     6a8:	c315                	beqz	a4,6cc <on_uart_dma_1_tx+0x64>
     6aa:	40f607b3          	sub	a5,a2,a5
     6ae:	863e                	mv	a2,a5
     6b0:	07c2                	slli	a5,a5,0x10
     6b2:	83c1                	srli	a5,a5,0x10
     6b4:	00f77363          	bgeu	a4,a5,6ba <on_uart_dma_1_tx+0x52>
     6b8:	863a                	mv	a2,a4
     6ba:	01061793          	slli	a5,a2,0x10
     6be:	83c1                	srli	a5,a5,0x10
     6c0:	ad72                	sh	a2,30(a0)
     6c2:	c2dc                	sw	a5,4(a3)
     6c4:	429c                	lw	a5,0(a3)
     6c6:	0017e793          	ori	a5,a5,1
     6ca:	c29c                	sw	a5,0(a3)
     6cc:	8082                	ret

000006ce <on_uart_dma_2_tx>:
     6ce:	14818593          	addi	a1,gp,328 # 200009a8 <uart_dma_2_i>
     6d2:	4994                	lw	a3,16(a1)
     6d4:	29d2                	lhu	a2,20(a1)
     6d6:	01e5d803          	lhu	a6,30(a1)
     6da:	429c                	lw	a5,0(a3)
     6dc:	4d88                	lw	a0,24(a1)
     6de:	fff60713          	addi	a4,a2,-1
     6e2:	9bf9                	andi	a5,a5,-2
     6e4:	c29c                	sw	a5,0(a3)
     6e6:	46dc                	lw	a5,12(a3)
     6e8:	0742                	slli	a4,a4,0x10
     6ea:	8741                	srai	a4,a4,0x10
     6ec:	97c2                	add	a5,a5,a6
     6ee:	8f89                	sub	a5,a5,a0
     6f0:	8ff9                	and	a5,a5,a4
     6f2:	2dce                	lhu	a1,28(a1)
     6f4:	07c2                	slli	a5,a5,0x10
     6f6:	83c1                	srli	a5,a5,0x10
     6f8:	8d9d                	sub	a1,a1,a5
     6fa:	8f6d                	and	a4,a4,a1
     6fc:	953e                	add	a0,a0,a5
     6fe:	0742                	slli	a4,a4,0x10
     700:	c6c8                	sw	a0,12(a3)
     702:	8341                	srli	a4,a4,0x10
     704:	c305                	beqz	a4,724 <on_uart_dma_2_tx+0x56>
     706:	40f607b3          	sub	a5,a2,a5
     70a:	863e                	mv	a2,a5
     70c:	07c2                	slli	a5,a5,0x10
     70e:	83c1                	srli	a5,a5,0x10
     710:	00f77363          	bgeu	a4,a5,716 <on_uart_dma_2_tx+0x48>
     714:	863a                	mv	a2,a4
     716:	0642                	slli	a2,a2,0x10
     718:	8241                	srli	a2,a2,0x10
     71a:	c2d0                	sw	a2,4(a3)
     71c:	429c                	lw	a5,0(a3)
     71e:	0017e793          	ori	a5,a5,1
     722:	c29c                	sw	a5,0(a3)
     724:	8082                	ret

00000726 <uart_dma_init>:
     726:	14058a63          	beqz	a1,87a <__stack_size+0x7a>
     72a:	9edff2ef          	jal	t0,116 <__riscv_save_4>
     72e:	400044b7          	lui	s1,0x40004
     732:	40048793          	addi	a5,s1,1024 # 40004400 <_eusrstack+0x1ffff400>
     736:	892e                	mv	s2,a1
     738:	842a                	mv	s0,a0
     73a:	0af50f63          	beq	a0,a5,7f8 <uart_dma_init+0xd2>
     73e:	400144b7          	lui	s1,0x40014
     742:	80048793          	addi	a5,s1,-2048 # 40013800 <_eusrstack+0x2000e800>
     746:	0af51863          	bne	a0,a5,7f6 <uart_dma_init+0xd0>
     74a:	6785                	lui	a5,0x1
     74c:	8a818713          	addi	a4,gp,-1880 # 20000108 <uart_dma_1_i>
     750:	80078793          	addi	a5,a5,-2048 # 800 <__stack_size>
     754:	200005b7          	lui	a1,0x20000
     758:	40020a37          	lui	s4,0x40020
     75c:	a35e                	sh	a5,4(a4)
     75e:	12858793          	addi	a5,a1,296 # 20000128 <uart_dma_1_rx_buf>
     762:	c71c                	sw	a5,8(a4)
     764:	058a0513          	addi	a0,s4,88 # 40020058 <_eusrstack+0x2001b058>
     768:	08000793          	li	a5,128
     76c:	0c818993          	addi	s3,gp,200 # 20000928 <uart_dma_1_tx_buf>
     770:	6a8d                	lui	s5,0x3
     772:	044a0b13          	addi	s6,s4,68
     776:	ab5e                	sh	a5,20(a4)
     778:	c308                	sw	a0,0(a4)
     77a:	0a0a8793          	addi	a5,s5,160 # 30a0 <_printf_common+0xde>
     77e:	00071623          	sh	zero,12(a4)
     782:	01672823          	sw	s6,16(a4)
     786:	01372c23          	sw	s3,24(a4)
     78a:	00071e23          	sh	zero,28(a4)
     78e:	6685                	lui	a3,0x1
     790:	04fa2c23          	sw	a5,88(s4)
     794:	80448613          	addi	a2,s1,-2044
     798:	80068693          	addi	a3,a3,-2048 # 800 <__stack_size>
     79c:	12858593          	addi	a1,a1,296
     7a0:	092a8a93          	addi	s5,s5,146
     7a4:	3ec5                	jal	394 <dma_transfer>
     7a6:	055a2223          	sw	s5,68(s4)
     7aa:	053a2823          	sw	s3,80(s4)
     7ae:	80448493          	addi	s1,s1,-2044
     7b2:	000007b7          	lui	a5,0x0
     7b6:	049a2623          	sw	s1,76(s4)
     7ba:	66878793          	addi	a5,a5,1640 # 668 <on_uart_dma_1_tx>
     7be:	82f1ac23          	sw	a5,-1992(gp) # 20000098 <dma1_channel4_callback>
     7c2:	400147b7          	lui	a5,0x40014
     7c6:	80078793          	addi	a5,a5,-2048 # 40013800 <_eusrstack+0x2000e800>
     7ca:	0af41663          	bne	s0,a5,876 <__stack_size+0x76>
     7ce:	353d                	jal	5fc <rcc_compute_pclk2_freq>
     7d0:	00151793          	slli	a5,a0,0x1
     7d4:	0327d7b3          	divu	a5,a5,s2
     7d8:	0785                	addi	a5,a5,1
     7da:	8385                	srli	a5,a5,0x1
     7dc:	07c2                	slli	a5,a5,0x10
     7de:	83c1                	srli	a5,a5,0x10
     7e0:	a41e                	sh	a5,8(s0)
     7e2:	0c000793          	li	a5,192
     7e6:	a85e                	sh	a5,20(s0)
     7e8:	00041823          	sh	zero,16(s0) # 40021010 <_eusrstack+0x2001c010>
     7ec:	6789                	lui	a5,0x2
     7ee:	00041023          	sh	zero,0(s0)
     7f2:	07b1                	addi	a5,a5,12
     7f4:	a45e                	sh	a5,12(s0)
     7f6:	ba91                	j	14a <__riscv_restore_4>
     7f8:	6785                	lui	a5,0x1
     7fa:	14818713          	addi	a4,gp,328 # 200009a8 <uart_dma_2_i>
     7fe:	80078793          	addi	a5,a5,-2048 # 800 <__stack_size>
     802:	200015b7          	lui	a1,0x20001
     806:	40020a37          	lui	s4,0x40020
     80a:	a35e                	sh	a5,4(a4)
     80c:	200019b7          	lui	s3,0x20001
     810:	9c858793          	addi	a5,a1,-1592 # 200009c8 <uart_dma_2_rx_buf>
     814:	c71c                	sw	a5,8(a4)
     816:	06ca0513          	addi	a0,s4,108 # 4002006c <_eusrstack+0x2001b06c>
     81a:	08000793          	li	a5,128
     81e:	1c898993          	addi	s3,s3,456 # 200011c8 <uart_dma_2_tx_buf>
     822:	6a8d                	lui	s5,0x3
     824:	080a0b13          	addi	s6,s4,128
     828:	ab5e                	sh	a5,20(a4)
     82a:	c308                	sw	a0,0(a4)
     82c:	0a0a8793          	addi	a5,s5,160 # 30a0 <_printf_common+0xde>
     830:	00071623          	sh	zero,12(a4)
     834:	01672823          	sw	s6,16(a4)
     838:	01372c23          	sw	s3,24(a4)
     83c:	00071e23          	sh	zero,28(a4)
     840:	6685                	lui	a3,0x1
     842:	06fa2623          	sw	a5,108(s4)
     846:	40448613          	addi	a2,s1,1028
     84a:	80068693          	addi	a3,a3,-2048 # 800 <__stack_size>
     84e:	9c858593          	addi	a1,a1,-1592
     852:	092a8a93          	addi	s5,s5,146
     856:	3e3d                	jal	394 <dma_transfer>
     858:	095a2023          	sw	s5,128(s4)
     85c:	093a2623          	sw	s3,140(s4)
     860:	40448493          	addi	s1,s1,1028
     864:	000007b7          	lui	a5,0x0
     868:	089a2423          	sw	s1,136(s4)
     86c:	6ce78793          	addi	a5,a5,1742 # 6ce <on_uart_dma_2_tx>
     870:	84f1a223          	sw	a5,-1980(gp) # 200000a4 <dma1_channel7_callback>
     874:	b7b9                	j	7c2 <uart_dma_init+0x9c>
     876:	3395                	jal	5da <rcc_compute_pclk1_freq>
     878:	bfa1                	j	7d0 <uart_dma_init+0xaa>
     87a:	00051623          	sh	zero,12(a0)
     87e:	8082                	ret

00000880 <uart_dma_peek>:
     880:	255a                	lhu	a4,12(a0)
     882:	451c                	lw	a5,8(a0)
     884:	97ba                	add	a5,a5,a4
     886:	2388                	lbu	a0,0(a5)
     888:	8082                	ret

0000088a <uart_dma_read_bytes>:
     88a:	e211                	bnez	a2,88e <uart_dma_read_bytes+0x4>
     88c:	8082                	ret
     88e:	00455883          	lhu	a7,4(a0)
     892:	411c                	lw	a5,0(a0)
     894:	00c55803          	lhu	a6,12(a0)
     898:	43d8                	lw	a4,4(a5)
     89a:	410886b3          	sub	a3,a7,a6
     89e:	06c2                	slli	a3,a3,0x10
     8a0:	82c1                	srli	a3,a3,0x10
     8a2:	fff88793          	addi	a5,a7,-1
     8a6:	40e68733          	sub	a4,a3,a4
     8aa:	8f7d                	and	a4,a4,a5
     8ac:	0742                	slli	a4,a4,0x10
     8ae:	8341                	srli	a4,a4,0x10
     8b0:	87b2                	mv	a5,a2
     8b2:	00c77363          	bgeu	a4,a2,8b8 <uart_dma_read_bytes+0x2e>
     8b6:	87ba                	mv	a5,a4
     8b8:	07c2                	slli	a5,a5,0x10
     8ba:	83c1                	srli	a5,a5,0x10
     8bc:	8e1d                	sub	a2,a2,a5
     8be:	0642                	slli	a2,a2,0x10
     8c0:	8241                	srli	a2,a2,0x10
     8c2:	02d7e363          	bltu	a5,a3,8e8 <uart_dma_read_bytes+0x5e>
     8c6:	00852e03          	lw	t3,8(a0)
     8ca:	4701                	li	a4,0
     8cc:	01071313          	slli	t1,a4,0x10
     8d0:	01035313          	srli	t1,t1,0x10
     8d4:	02d36963          	bltu	t1,a3,906 <uart_dma_read_bytes+0x7c>
     8d8:	41180833          	sub	a6,a6,a7
     8dc:	97c2                	add	a5,a5,a6
     8de:	07c2                	slli	a5,a5,0x10
     8e0:	95b6                	add	a1,a1,a3
     8e2:	00051623          	sh	zero,12(a0)
     8e6:	83c1                	srli	a5,a5,0x10
     8e8:	00852803          	lw	a6,8(a0)
     8ec:	00c55883          	lhu	a7,12(a0)
     8f0:	4701                	li	a4,0
     8f2:	01071693          	slli	a3,a4,0x10
     8f6:	82c1                	srli	a3,a3,0x10
     8f8:	02f6e263          	bltu	a3,a5,91c <uart_dma_read_bytes+0x92>
     8fc:	255a                	lhu	a4,12(a0)
     8fe:	95be                	add	a1,a1,a5
     900:	97ba                	add	a5,a5,a4
     902:	a55e                	sh	a5,12(a0)
     904:	b759                	j	88a <uart_dma_read_bytes>
     906:	00e80333          	add	t1,a6,a4
     90a:	9372                	add	t1,t1,t3
     90c:	00034e83          	lbu	t4,0(t1)
     910:	00e58333          	add	t1,a1,a4
     914:	0705                	addi	a4,a4,1
     916:	01d30023          	sb	t4,0(t1)
     91a:	bf4d                	j	8cc <uart_dma_read_bytes+0x42>
     91c:	011706b3          	add	a3,a4,a7
     920:	96c2                	add	a3,a3,a6
     922:	0006c303          	lbu	t1,0(a3)
     926:	00e586b3          	add	a3,a1,a4
     92a:	0705                	addi	a4,a4,1
     92c:	00668023          	sb	t1,0(a3)
     930:	b7c9                	j	8f2 <uart_dma_read_bytes+0x68>

00000932 <uart_dma_write_bytes>:
     932:	e211                	bnez	a2,936 <uart_dma_write_bytes+0x4>
     934:	8082                	ret
     936:	491c                	lw	a5,16(a0)
     938:	2d56                	lhu	a3,28(a0)
     93a:	01852e03          	lw	t3,24(a0)
     93e:	47dc                	lw	a5,12(a5)
     940:	01455883          	lhu	a7,20(a0)
     944:	fff6c713          	not	a4,a3
     948:	973e                	add	a4,a4,a5
     94a:	41c70733          	sub	a4,a4,t3
     94e:	fff88793          	addi	a5,a7,-1
     952:	8f7d                	and	a4,a4,a5
     954:	0742                	slli	a4,a4,0x10
     956:	8341                	srli	a4,a4,0x10
     958:	87b2                	mv	a5,a2
     95a:	00c77363          	bgeu	a4,a2,960 <uart_dma_write_bytes+0x2e>
     95e:	87ba                	mv	a5,a4
     960:	07c2                	slli	a5,a5,0x10
     962:	83c1                	srli	a5,a5,0x10
     964:	40d88733          	sub	a4,a7,a3
     968:	8e1d                	sub	a2,a2,a5
     96a:	0742                	slli	a4,a4,0x10
     96c:	0642                	slli	a2,a2,0x10
     96e:	8341                	srli	a4,a4,0x10
     970:	8241                	srli	a2,a2,0x10
     972:	02e7ec63          	bltu	a5,a4,9aa <uart_dma_write_bytes+0x78>
     976:	4801                	li	a6,0
     978:	a819                	j	98e <uart_dma_write_bytes+0x5c>
     97a:	01058333          	add	t1,a1,a6
     97e:	00034e83          	lbu	t4,0(t1)
     982:	01068333          	add	t1,a3,a6
     986:	9372                	add	t1,t1,t3
     988:	01d30023          	sb	t4,0(t1)
     98c:	0805                	addi	a6,a6,1
     98e:	01081313          	slli	t1,a6,0x10
     992:	01035313          	srli	t1,t1,0x10
     996:	fee362e3          	bltu	t1,a4,97a <uart_dma_write_bytes+0x48>
     99a:	411686b3          	sub	a3,a3,a7
     99e:	97b6                	add	a5,a5,a3
     9a0:	07c2                	slli	a5,a5,0x10
     9a2:	95ba                	add	a1,a1,a4
     9a4:	00051e23          	sh	zero,28(a0)
     9a8:	83c1                	srli	a5,a5,0x10
     9aa:	01852803          	lw	a6,24(a0)
     9ae:	01c55883          	lhu	a7,28(a0)
     9b2:	4701                	li	a4,0
     9b4:	01071693          	slli	a3,a4,0x10
     9b8:	82c1                	srli	a3,a3,0x10
     9ba:	04f6ec63          	bltu	a3,a5,a12 <uart_dma_write_bytes+0xe0>
     9be:	2d5a                	lhu	a4,28(a0)
     9c0:	4914                	lw	a3,16(a0)
     9c2:	95be                	add	a1,a1,a5
     9c4:	97ba                	add	a5,a5,a4
     9c6:	07c2                	slli	a5,a5,0x10
     9c8:	42d8                	lw	a4,4(a3)
     9ca:	83c1                	srli	a5,a5,0x10
     9cc:	ad5e                	sh	a5,28(a0)
     9ce:	f335                	bnez	a4,932 <uart_dma_write_bytes>
     9d0:	00c6a803          	lw	a6,12(a3)
     9d4:	4d18                	lw	a4,24(a0)
     9d6:	41070733          	sub	a4,a4,a6
     9da:	01455803          	lhu	a6,20(a0)
     9de:	0742                	slli	a4,a4,0x10
     9e0:	8341                	srli	a4,a4,0x10
     9e2:	97ba                	add	a5,a5,a4
     9e4:	9742                	add	a4,a4,a6
     9e6:	07c2                	slli	a5,a5,0x10
     9e8:	883a                	mv	a6,a4
     9ea:	0742                	slli	a4,a4,0x10
     9ec:	83c1                	srli	a5,a5,0x10
     9ee:	8341                	srli	a4,a4,0x10
     9f0:	00e7f363          	bgeu	a5,a4,9f6 <uart_dma_write_bytes+0xc4>
     9f4:	883e                	mv	a6,a5
     9f6:	429c                	lw	a5,0(a3)
     9f8:	01051f23          	sh	a6,30(a0)
     9fc:	01081713          	slli	a4,a6,0x10
     a00:	9bf9                	andi	a5,a5,-2
     a02:	c29c                	sw	a5,0(a3)
     a04:	8341                	srli	a4,a4,0x10
     a06:	c2d8                	sw	a4,4(a3)
     a08:	429c                	lw	a5,0(a3)
     a0a:	0017e793          	ori	a5,a5,1
     a0e:	c29c                	sw	a5,0(a3)
     a10:	b70d                	j	932 <uart_dma_write_bytes>
     a12:	00e586b3          	add	a3,a1,a4
     a16:	0006c303          	lbu	t1,0(a3)
     a1a:	011706b3          	add	a3,a4,a7
     a1e:	96c2                	add	a3,a3,a6
     a20:	00668023          	sb	t1,0(a3)
     a24:	0705                	addi	a4,a4,1
     a26:	b779                	j	9b4 <uart_dma_write_bytes+0x82>

00000a28 <USB_HP_CAN1_TX_IRQHandler>:
     a28:	400067b7          	lui	a5,0x40006
     a2c:	1141                	addi	sp,sp,-16
     a2e:	c426                	sw	s1,8(sp)
     a30:	c447d483          	lhu	s1,-956(a5) # 40005c44 <_eusrstack+0x20000c44>
     a34:	c622                	sw	s0,12(sp)
     a36:	c4078713          	addi	a4,a5,-960
     a3a:	88bd                	andi	s1,s1,15
     a3c:	c0078793          	addi	a5,a5,-1024
     a40:	00249413          	slli	s0,s1,0x2
     a44:	943e                	add	s0,s0,a5
     a46:	201e                	lhu	a5,0(s0)
     a48:	07c2                	slli	a5,a5,0x10
     a4a:	87c1                	srai	a5,a5,0x10
     a4c:	0007dd63          	bgez	a5,a66 <USB_HP_CAN1_TX_IRQHandler+0x3e>
     a50:	8581a783          	lw	a5,-1960(gp) # 200000b8 <usbd_out_callback>
     a54:	c399                	beqz	a5,a5a <USB_HP_CAN1_TX_IRQHandler+0x32>
     a56:	8526                	mv	a0,s1
     a58:	9782                	jalr	a5
     a5a:	201a                	lhu	a4,0(s0)
     a5c:	6785                	lui	a5,0x1
     a5e:	f8f78793          	addi	a5,a5,-113 # f8f <cdc_on_sof+0x29>
     a62:	8ff9                	and	a5,a5,a4
     a64:	a01e                	sh	a5,0(s0)
     a66:	201e                	lhu	a5,0(s0)
     a68:	0807f793          	andi	a5,a5,128
     a6c:	cf81                	beqz	a5,a84 <USB_HP_CAN1_TX_IRQHandler+0x5c>
     a6e:	8541a783          	lw	a5,-1964(gp) # 200000b4 <usbd_in_callback>
     a72:	c399                	beqz	a5,a78 <USB_HP_CAN1_TX_IRQHandler+0x50>
     a74:	8526                	mv	a0,s1
     a76:	9782                	jalr	a5
     a78:	201a                	lhu	a4,0(s0)
     a7a:	77e5                	lui	a5,0xffff9
     a7c:	f0f78793          	addi	a5,a5,-241 # ffff8f0f <_eusrstack+0xdfff3f0f>
     a80:	8ff9                	and	a5,a5,a4
     a82:	a01e                	sh	a5,0(s0)
     a84:	4432                	lw	s0,12(sp)
     a86:	44a2                	lw	s1,8(sp)
     a88:	0141                	addi	sp,sp,16
     a8a:	30200073          	mret

00000a8e <USB_LP_CAN1_RX0_IRQHandler>:
     a8e:	1141                	addi	sp,sp,-16
     a90:	400067b7          	lui	a5,0x40006
     a94:	c447d683          	lhu	a3,-956(a5) # 40005c44 <_eusrstack+0x20000c44>
     a98:	c426                	sw	s1,8(sp)
     a9a:	c407d483          	lhu	s1,-960(a5)
     a9e:	c622                	sw	s0,12(sp)
     aa0:	c24a                	sw	s2,4(sp)
     aa2:	8cf5                	and	s1,s1,a3
     aa4:	01049693          	slli	a3,s1,0x10
     aa8:	86c1                	srai	a3,a3,0x10
     aaa:	0406df63          	bgez	a3,b08 <USB_LP_CAN1_RX0_IRQHandler+0x7a>
     aae:	c447d903          	lhu	s2,-956(a5)
     ab2:	c0078793          	addi	a5,a5,-1024
     ab6:	00f97913          	andi	s2,s2,15
     aba:	00291413          	slli	s0,s2,0x2
     abe:	943e                	add	s0,s0,a5
     ac0:	201e                	lhu	a5,0(s0)
     ac2:	07c2                	slli	a5,a5,0x10
     ac4:	87c1                	srai	a5,a5,0x10
     ac6:	0207d263          	bgez	a5,aea <USB_LP_CAN1_RX0_IRQHandler+0x5c>
     aca:	201e                	lhu	a5,0(s0)
     acc:	01479713          	slli	a4,a5,0x14
     ad0:	16075763          	bgez	a4,c3e <USB_LP_CAN1_RX0_IRQHandler+0x1b0>
     ad4:	8601a783          	lw	a5,-1952(gp) # 200000c0 <usbd_setup_callback>
     ad8:	c399                	beqz	a5,ade <USB_LP_CAN1_RX0_IRQHandler+0x50>
     ada:	854a                	mv	a0,s2
     adc:	9782                	jalr	a5
     ade:	201a                	lhu	a4,0(s0)
     ae0:	6785                	lui	a5,0x1
     ae2:	f8f78793          	addi	a5,a5,-113 # f8f <cdc_on_sof+0x29>
     ae6:	8ff9                	and	a5,a5,a4
     ae8:	a01e                	sh	a5,0(s0)
     aea:	201e                	lhu	a5,0(s0)
     aec:	0807f793          	andi	a5,a5,128
     af0:	cf81                	beqz	a5,b08 <USB_LP_CAN1_RX0_IRQHandler+0x7a>
     af2:	8541a783          	lw	a5,-1964(gp) # 200000b4 <usbd_in_callback>
     af6:	c399                	beqz	a5,afc <USB_LP_CAN1_RX0_IRQHandler+0x6e>
     af8:	854a                	mv	a0,s2
     afa:	9782                	jalr	a5
     afc:	201a                	lhu	a4,0(s0)
     afe:	77e5                	lui	a5,0xffff9
     b00:	f0f78793          	addi	a5,a5,-241 # ffff8f0f <_eusrstack+0xdfff3f0f>
     b04:	8ff9                	and	a5,a5,a4
     b06:	a01e                	sh	a5,0(s0)
     b08:	01449793          	slli	a5,s1,0x14
     b0c:	0207de63          	bgez	a5,b48 <USB_LP_CAN1_RX0_IRQHandler+0xba>
     b10:	40006737          	lui	a4,0x40006
     b14:	c4075783          	lhu	a5,-960(a4) # 40005c40 <_eusrstack+0x20000c40>
     b18:	0087e793          	ori	a5,a5,8
     b1c:	c4f71023          	sh	a5,-960(a4)
     b20:	8681a783          	lw	a5,-1944(gp) # 200000c8 <usbd_suspend_callback>
     b24:	c391                	beqz	a5,b28 <USB_LP_CAN1_RX0_IRQHandler+0x9a>
     b26:	9782                	jalr	a5
     b28:	40006737          	lui	a4,0x40006
     b2c:	c4475603          	lhu	a2,-956(a4) # 40005c44 <_eusrstack+0x20000c44>
     b30:	77fd                	lui	a5,0xfffff
     b32:	7ff78793          	addi	a5,a5,2047 # fffff7ff <_eusrstack+0xdfffa7ff>
     b36:	8ff1                	and	a5,a5,a2
     b38:	c4f71223          	sh	a5,-956(a4)
     b3c:	c4075783          	lhu	a5,-960(a4)
     b40:	0047e793          	ori	a5,a5,4
     b44:	c4f71023          	sh	a5,-960(a4)
     b48:	4004f793          	andi	a5,s1,1024
     b4c:	cf9d                	beqz	a5,b8a <USB_LP_CAN1_RX0_IRQHandler+0xfc>
     b4e:	20001737          	lui	a4,0x20001
     b52:	400067b7          	lui	a5,0x40006
     b56:	40006437          	lui	s0,0x40006
     b5a:	24870713          	addi	a4,a4,584 # 20001248 <ep_config>
     b5e:	c0078793          	addi	a5,a5,-1024 # 40005c00 <_eusrstack+0x20000c00>
     b62:	c2040693          	addi	a3,s0,-992 # 40005c20 <_eusrstack+0x20000c20>
     b66:	2312                	lhu	a2,0(a4)
     b68:	0791                	addi	a5,a5,4
     b6a:	0709                	addi	a4,a4,2
     b6c:	fec79e23          	sh	a2,-4(a5)
     b70:	fed79be3          	bne	a5,a3,b66 <USB_LP_CAN1_RX0_IRQHandler+0xd8>
     b74:	08000793          	li	a5,128
     b78:	c4040413          	addi	s0,s0,-960
     b7c:	a45e                	sh	a5,12(s0)
     b7e:	85c1a783          	lw	a5,-1956(gp) # 200000bc <usbd_reset_callback>
     b82:	c391                	beqz	a5,b86 <USB_LP_CAN1_RX0_IRQHandler+0xf8>
     b84:	9782                	jalr	a5
     b86:	00041223          	sh	zero,4(s0)
     b8a:	2004f793          	andi	a5,s1,512
     b8e:	cb85                	beqz	a5,bbe <USB_LP_CAN1_RX0_IRQHandler+0x130>
     b90:	84c18713          	addi	a4,gp,-1972 # 200000ac <sof_count>
     b94:	231e                	lhu	a5,0(a4)
     b96:	0785                	addi	a5,a5,1
     b98:	07c2                	slli	a5,a5,0x10
     b9a:	83c1                	srli	a5,a5,0x10
     b9c:	a31e                	sh	a5,0(a4)
     b9e:	8641a783          	lw	a5,-1948(gp) # 200000c4 <usbd_sof_callback>
     ba2:	c391                	beqz	a5,ba6 <USB_LP_CAN1_RX0_IRQHandler+0x118>
     ba4:	9782                	jalr	a5
     ba6:	40006737          	lui	a4,0x40006
     baa:	c4475783          	lhu	a5,-956(a4) # 40005c44 <_eusrstack+0x20000c44>
     bae:	07c2                	slli	a5,a5,0x10
     bb0:	83c1                	srli	a5,a5,0x10
     bb2:	dff7f793          	andi	a5,a5,-513
     bb6:	07c2                	slli	a5,a5,0x10
     bb8:	83c1                	srli	a5,a5,0x10
     bba:	c4f71223          	sh	a5,-956(a4)
     bbe:	1004f793          	andi	a5,s1,256
     bc2:	c38d                	beqz	a5,be4 <USB_LP_CAN1_RX0_IRQHandler+0x156>
     bc4:	8501a783          	lw	a5,-1968(gp) # 200000b0 <usbd_esof_callback>
     bc8:	c391                	beqz	a5,bcc <USB_LP_CAN1_RX0_IRQHandler+0x13e>
     bca:	9782                	jalr	a5
     bcc:	40006737          	lui	a4,0x40006
     bd0:	c4475783          	lhu	a5,-956(a4) # 40005c44 <_eusrstack+0x20000c44>
     bd4:	07c2                	slli	a5,a5,0x10
     bd6:	83c1                	srli	a5,a5,0x10
     bd8:	eff7f793          	andi	a5,a5,-257
     bdc:	07c2                	slli	a5,a5,0x10
     bde:	83c1                	srli	a5,a5,0x10
     be0:	c4f71223          	sh	a5,-956(a4)
     be4:	01349793          	slli	a5,s1,0x13
     be8:	0207da63          	bgez	a5,c1c <USB_LP_CAN1_RX0_IRQHandler+0x18e>
     bec:	40006737          	lui	a4,0x40006
     bf0:	c4075783          	lhu	a5,-960(a4) # 40005c40 <_eusrstack+0x20000c40>
     bf4:	07c2                	slli	a5,a5,0x10
     bf6:	83c1                	srli	a5,a5,0x10
     bf8:	9bdd                	andi	a5,a5,-9
     bfa:	07c2                	slli	a5,a5,0x10
     bfc:	83c1                	srli	a5,a5,0x10
     bfe:	c4f71023          	sh	a5,-960(a4)
     c02:	86c1a783          	lw	a5,-1940(gp) # 200000cc <usbd_wakeup_callback>
     c06:	c391                	beqz	a5,c0a <USB_LP_CAN1_RX0_IRQHandler+0x17c>
     c08:	9782                	jalr	a5
     c0a:	40006737          	lui	a4,0x40006
     c0e:	c4475683          	lhu	a3,-956(a4) # 40005c44 <_eusrstack+0x20000c44>
     c12:	77fd                	lui	a5,0xfffff
     c14:	17fd                	addi	a5,a5,-1
     c16:	8ff5                	and	a5,a5,a3
     c18:	c4f71223          	sh	a5,-956(a4)
     c1c:	40006737          	lui	a4,0x40006
     c20:	c4475683          	lhu	a3,-956(a4) # 40005c44 <_eusrstack+0x20000c44>
     c24:	77e9                	lui	a5,0xffffa
     c26:	4432                	lw	s0,12(sp)
     c28:	17fd                	addi	a5,a5,-1
     c2a:	8ff5                	and	a5,a5,a3
     c2c:	c4f71223          	sh	a5,-956(a4)
     c30:	44a2                	lw	s1,8(sp)
     c32:	4912                	lw	s2,4(sp)
     c34:	c4070713          	addi	a4,a4,-960
     c38:	0141                	addi	sp,sp,16
     c3a:	30200073          	mret
     c3e:	8581a783          	lw	a5,-1960(gp) # 200000b8 <usbd_out_callback>
     c42:	bd59                	j	ad8 <USB_LP_CAN1_RX0_IRQHandler+0x4a>

00000c44 <USBWakeUp_IRQHandler>:
     c44:	40006737          	lui	a4,0x40006
     c48:	c4075783          	lhu	a5,-960(a4) # 40005c40 <_eusrstack+0x20000c40>
     c4c:	07c2                	slli	a5,a5,0x10
     c4e:	83c1                	srli	a5,a5,0x10
     c50:	9bdd                	andi	a5,a5,-9
     c52:	07c2                	slli	a5,a5,0x10
     c54:	83c1                	srli	a5,a5,0x10
     c56:	c4f71023          	sh	a5,-960(a4)
     c5a:	86c1a783          	lw	a5,-1940(gp) # 200000cc <usbd_wakeup_callback>
     c5e:	c391                	beqz	a5,c62 <USBWakeUp_IRQHandler+0x1e>
     c60:	9782                	jalr	a5
     c62:	40006737          	lui	a4,0x40006
     c66:	c4475683          	lhu	a3,-956(a4) # 40005c44 <_eusrstack+0x20000c44>
     c6a:	77fd                	lui	a5,0xfffff
     c6c:	17fd                	addi	a5,a5,-1
     c6e:	8ff5                	and	a5,a5,a3
     c70:	c4f71223          	sh	a5,-956(a4)
     c74:	c4070713          	addi	a4,a4,-960
     c78:	30200073          	mret

00000c7c <usbd_init>:
     c7c:	400067b7          	lui	a5,0x40006
     c80:	4685                	li	a3,1
     c82:	c4d79023          	sh	a3,-960(a5) # 40005c40 <_eusrstack+0x20000c40>
     c86:	200015b7          	lui	a1,0x20001
     c8a:	c4079823          	sh	zero,-944(a5)
     c8e:	86aa                	mv	a3,a0
     c90:	24858593          	addi	a1,a1,584 # 20001248 <ep_config>
     c94:	4601                	li	a2,0
     c96:	04000793          	li	a5,64
     c9a:	40006eb7          	lui	t4,0x40006
     c9e:	10000f13          	li	t5,256
     ca2:	03e00893          	li	a7,62
     ca6:	7361                	lui	t1,0xffff8
     ca8:	40000f93          	li	t6,1024
     cac:	4e21                	li	t3,8
     cae:	0206d383          	lhu	t2,32(a3)
     cb2:	01061813          	slli	a6,a2,0x10
     cb6:	00461293          	slli	t0,a2,0x4
     cba:	01085813          	srli	a6,a6,0x10
     cbe:	92f6                	add	t0,t0,t4
     cc0:	229a                	lhu	a4,0(a3)
     cc2:	01e38463          	beq	t2,t5,cca <usbd_init+0x4e>
     cc6:	0df39c63          	bne	t2,t6,d9e <usbd_init+0x122>
     cca:	e369                	bnez	a4,d8c <usbd_init+0x110>
     ccc:	2a9a                	lhu	a4,16(a3)
     cce:	00270393          	addi	t2,a4,2
     cd2:	03c2                	slli	t2,t2,0x10
     cd4:	0103d393          	srli	t2,t2,0x10
     cd8:	0878ef63          	bltu	a7,t2,d76 <usbd_init+0xfa>
     cdc:	070d                	addi	a4,a4,3
     cde:	9b79                	andi	a4,a4,-2
     ce0:	0742                	slli	a4,a4,0x10
     ce2:	8341                	srli	a4,a4,0x10
     ce4:	00971393          	slli	t2,a4,0x9
     ce8:	03c2                	slli	t2,t2,0x10
     cea:	0103d393          	srli	t2,t2,0x10
     cee:	00729223          	sh	t2,4(t0) # 1f2 <memset+0x92>
     cf2:	00729623          	sh	t2,12(t0)
     cf6:	00f29023          	sh	a5,0(t0)
     cfa:	97ba                	add	a5,a5,a4
     cfc:	07c2                	slli	a5,a5,0x10
     cfe:	83c1                	srli	a5,a5,0x10
     d00:	00f29423          	sh	a5,8(t0)
     d04:	97ba                	add	a5,a5,a4
     d06:	329a                	lhu	a4,32(a3)
     d08:	07c2                	slli	a5,a5,0x10
     d0a:	0605                	addi	a2,a2,1
     d0c:	00e86833          	or	a6,a6,a4
     d10:	01059023          	sh	a6,0(a1)
     d14:	83c1                	srli	a5,a5,0x10
     d16:	0689                	addi	a3,a3,2
     d18:	0589                	addi	a1,a1,2
     d1a:	f9c61ae3          	bne	a2,t3,cae <usbd_init+0x32>
     d1e:	40006737          	lui	a4,0x40006
     d22:	08000793          	li	a5,128
     d26:	c4f71623          	sh	a5,-948(a4) # 40005c4c <_eusrstack+0x20000c4c>
     d2a:	400245b7          	lui	a1,0x40024
     d2e:	8005a783          	lw	a5,-2048(a1) # 40023800 <_eusrstack+0x2001e800>
     d32:	9bf1                	andi	a5,a5,-4
     d34:	0027e793          	ori	a5,a5,2
     d38:	80f5a023          	sw	a5,-2048(a1)
     d3c:	c4075783          	lhu	a5,-960(a4)
     d40:	07c2                	slli	a5,a5,0x10
     d42:	83c1                	srli	a5,a5,0x10
     d44:	9bf9                	andi	a5,a5,-2
     d46:	07c2                	slli	a5,a5,0x10
     d48:	83c1                	srli	a5,a5,0x10
     d4a:	c4f71023          	sh	a5,-960(a4)
     d4e:	c4071223          	sh	zero,-956(a4)
     d52:	c4075783          	lhu	a5,-960(a4)
     d56:	3916                	lhu	a3,48(a0)
     d58:	8fd5                	or	a5,a5,a3
     d5a:	c4f71023          	sh	a5,-960(a4)
     d5e:	e000e7b7          	lui	a5,0xe000e
     d62:	10c7a223          	sw	a2,260(a5) # e000e104 <_eusrstack+0xc0009104>
     d66:	4741                	li	a4,16
     d68:	10e7a223          	sw	a4,260(a5)
     d6c:	04000737          	lui	a4,0x4000
     d70:	10e7a223          	sw	a4,260(a5)
     d74:	8082                	ret
     d76:	02170713          	addi	a4,a4,33 # 4000021 <_data_lma+0x3ffc7e5>
     d7a:	9b01                	andi	a4,a4,-32
     d7c:	0742                	slli	a4,a4,0x10
     d7e:	8341                	srli	a4,a4,0x10
     d80:	fe070393          	addi	t2,a4,-32
     d84:	0396                	slli	t2,t2,0x5
     d86:	0063e3b3          	or	t2,t2,t1
     d8a:	bfb9                	j	ce8 <usbd_init+0x6c>
     d8c:	0705                	addi	a4,a4,1
     d8e:	9b79                	andi	a4,a4,-2
     d90:	0742                	slli	a4,a4,0x10
     d92:	00029223          	sh	zero,4(t0)
     d96:	8341                	srli	a4,a4,0x10
     d98:	00029623          	sh	zero,12(t0)
     d9c:	bfa9                	j	cf6 <usbd_init+0x7a>
     d9e:	0705                	addi	a4,a4,1
     da0:	9b79                	andi	a4,a4,-2
     da2:	00f29023          	sh	a5,0(t0)
     da6:	97ba                	add	a5,a5,a4
     da8:	07c2                	slli	a5,a5,0x10
     daa:	00029223          	sh	zero,4(t0)
     dae:	83c1                	srli	a5,a5,0x10
     db0:	00f29423          	sh	a5,8(t0)
     db4:	2a9a                	lhu	a4,16(a3)
     db6:	00270393          	addi	t2,a4,2
     dba:	03c2                	slli	t2,t2,0x10
     dbc:	0103d393          	srli	t2,t2,0x10
     dc0:	0078ee63          	bltu	a7,t2,ddc <usbd_init+0x160>
     dc4:	070d                	addi	a4,a4,3
     dc6:	9b79                	andi	a4,a4,-2
     dc8:	0742                	slli	a4,a4,0x10
     dca:	8341                	srli	a4,a4,0x10
     dcc:	00971393          	slli	t2,a4,0x9
     dd0:	03c2                	slli	t2,t2,0x10
     dd2:	0103d393          	srli	t2,t2,0x10
     dd6:	00729623          	sh	t2,12(t0)
     dda:	b72d                	j	d04 <usbd_init+0x88>
     ddc:	02170713          	addi	a4,a4,33
     de0:	9b01                	andi	a4,a4,-32
     de2:	0742                	slli	a4,a4,0x10
     de4:	8341                	srli	a4,a4,0x10
     de6:	fe070393          	addi	t2,a4,-32
     dea:	0396                	slli	t2,t2,0x5
     dec:	0063e3b3          	or	t2,t2,t1
     df0:	b7c5                	j	dd0 <usbd_init+0x154>

00000df2 <usbd_write_to_pma>:
     df2:	6699                	lui	a3,0x6
     df4:	400207b7          	lui	a5,0x40020
     df8:	6d068693          	addi	a3,a3,1744 # 66d0 <_data_lma+0x2e94>
     dfc:	cfd4                	sw	a3,28(a5)
     dfe:	0506                	slli	a0,a0,0x1
     e00:	400066b7          	lui	a3,0x40006
     e04:	d78c                	sw	a1,40(a5)
     e06:	9536                	add	a0,a0,a3
     e08:	d3c8                	sw	a0,36(a5)
     e0a:	d390                	sw	a2,32(a5)
     e0c:	4fd8                	lw	a4,28(a5)
     e0e:	400206b7          	lui	a3,0x40020
     e12:	00176713          	ori	a4,a4,1
     e16:	cfd8                	sw	a4,28(a5)
     e18:	5298                	lw	a4,32(a3)
     e1a:	ff7d                	bnez	a4,e18 <usbd_write_to_pma+0x26>
     e1c:	4ed8                	lw	a4,28(a3)
     e1e:	9b79                	andi	a4,a4,-2
     e20:	ced8                	sw	a4,28(a3)
     e22:	8082                	ret

00000e24 <usbd_read_from_pma>:
     e24:	6699                	lui	a3,0x6
     e26:	400207b7          	lui	a5,0x40020
     e2a:	6c068693          	addi	a3,a3,1728 # 66c0 <_data_lma+0x2e84>
     e2e:	cfd4                	sw	a3,28(a5)
     e30:	0506                	slli	a0,a0,0x1
     e32:	400066b7          	lui	a3,0x40006
     e36:	d78c                	sw	a1,40(a5)
     e38:	9536                	add	a0,a0,a3
     e3a:	d3c8                	sw	a0,36(a5)
     e3c:	d390                	sw	a2,32(a5)
     e3e:	4fd8                	lw	a4,28(a5)
     e40:	400206b7          	lui	a3,0x40020
     e44:	00176713          	ori	a4,a4,1
     e48:	cfd8                	sw	a4,28(a5)
     e4a:	5298                	lw	a4,32(a3)
     e4c:	ff7d                	bnez	a4,e4a <usbd_read_from_pma+0x26>
     e4e:	4ed8                	lw	a4,28(a3)
     e50:	9b79                	andi	a4,a4,-2
     e52:	ced8                	sw	a4,28(a3)
     e54:	8082                	ret

00000e56 <usbd_write_bytes_to_pma>:
     e56:	00020737          	lui	a4,0x20
     e5a:	00151793          	slli	a5,a0,0x1
     e5e:	1771                	addi	a4,a4,-4
     e60:	8ff9                	and	a5,a5,a4
     e62:	8905                	andi	a0,a0,1
     e64:	40006737          	lui	a4,0x40006
     e68:	1141                	addi	sp,sp,-16
     e6a:	97ba                	add	a5,a5,a4
     e6c:	cd09                	beqz	a0,e86 <usbd_write_bytes_to_pma+0x30>
     e6e:	239a                	lhu	a4,0(a5)
     e70:	167d                	addi	a2,a2,-1
     e72:	0642                	slli	a2,a2,0x10
     e74:	8778                	sh	a4,14(sp)
     e76:	2198                	lbu	a4,0(a1)
     e78:	8241                	srli	a2,a2,0x10
     e7a:	0791                	addi	a5,a5,4
     e7c:	87d8                	sb	a4,15(sp)
     e7e:	8738                	lhu	a4,14(sp)
     e80:	0585                	addi	a1,a1,1
     e82:	fee79e23          	sh	a4,-4(a5) # 4001fffc <_eusrstack+0x2001affc>
     e86:	0605                	addi	a2,a2,1
     e88:	0015f713          	andi	a4,a1,1
     e8c:	8605                	srai	a2,a2,0x1
     e8e:	c71d                	beqz	a4,ebc <usbd_write_bytes_to_pma+0x66>
     e90:	0642                	slli	a2,a2,0x10
     e92:	6741                	lui	a4,0x10
     e94:	8241                	srli	a2,a2,0x10
     e96:	177d                	addi	a4,a4,-1
     e98:	167d                	addi	a2,a2,-1
     e9a:	0642                	slli	a2,a2,0x10
     e9c:	8241                	srli	a2,a2,0x10
     e9e:	00e61463          	bne	a2,a4,ea6 <usbd_write_bytes_to_pma+0x50>
     ea2:	0141                	addi	sp,sp,16
     ea4:	8082                	ret
     ea6:	2194                	lbu	a3,0(a1)
     ea8:	0791                	addi	a5,a5,4
     eaa:	0589                	addi	a1,a1,2
     eac:	8754                	sb	a3,14(sp)
     eae:	fff5c683          	lbu	a3,-1(a1)
     eb2:	87d4                	sb	a3,15(sp)
     eb4:	8734                	lhu	a3,14(sp)
     eb6:	fed79e23          	sh	a3,-4(a5)
     eba:	bff9                	j	e98 <usbd_write_bytes_to_pma+0x42>
     ebc:	6519                	lui	a0,0x6
     ebe:	40020737          	lui	a4,0x40020
     ec2:	6d050513          	addi	a0,a0,1744 # 66d0 <_data_lma+0x2e94>
     ec6:	cf48                	sw	a0,28(a4)
     ec8:	d70c                	sw	a1,40(a4)
     eca:	d35c                	sw	a5,36(a4)
     ecc:	d310                	sw	a2,32(a4)
     ece:	4f5c                	lw	a5,28(a4)
     ed0:	400206b7          	lui	a3,0x40020
     ed4:	0017e793          	ori	a5,a5,1
     ed8:	cf5c                	sw	a5,28(a4)
     eda:	5298                	lw	a4,32(a3)
     edc:	ff7d                	bnez	a4,eda <usbd_write_bytes_to_pma+0x84>
     ede:	4ed8                	lw	a4,28(a3)
     ee0:	9b79                	andi	a4,a4,-2
     ee2:	ced8                	sw	a4,28(a3)
     ee4:	bf7d                	j	ea2 <usbd_write_bytes_to_pma+0x4c>

00000ee6 <usbd_read_bytes_from_pma>:
     ee6:	00020737          	lui	a4,0x20
     eea:	00151793          	slli	a5,a0,0x1
     eee:	1771                	addi	a4,a4,-4
     ef0:	8ff9                	and	a5,a5,a4
     ef2:	8905                	andi	a0,a0,1
     ef4:	40006737          	lui	a4,0x40006
     ef8:	97ba                	add	a5,a5,a4
     efa:	c909                	beqz	a0,f0c <usbd_read_bytes_from_pma+0x26>
     efc:	239a                	lhu	a4,0(a5)
     efe:	167d                	addi	a2,a2,-1
     f00:	0642                	slli	a2,a2,0x10
     f02:	8321                	srli	a4,a4,0x8
     f04:	a198                	sb	a4,0(a1)
     f06:	8241                	srli	a2,a2,0x10
     f08:	0791                	addi	a5,a5,4
     f0a:	0585                	addi	a1,a1,1
     f0c:	0605                	addi	a2,a2,1
     f0e:	0015f713          	andi	a4,a1,1
     f12:	8605                	srai	a2,a2,0x1
     f14:	c705                	beqz	a4,f3c <usbd_read_bytes_from_pma+0x56>
     f16:	0642                	slli	a2,a2,0x10
     f18:	66c1                	lui	a3,0x10
     f1a:	8241                	srli	a2,a2,0x10
     f1c:	16fd                	addi	a3,a3,-1
     f1e:	167d                	addi	a2,a2,-1
     f20:	0642                	slli	a2,a2,0x10
     f22:	8241                	srli	a2,a2,0x10
     f24:	00d61363          	bne	a2,a3,f2a <usbd_read_bytes_from_pma+0x44>
     f28:	8082                	ret
     f2a:	239a                	lhu	a4,0(a5)
     f2c:	0589                	addi	a1,a1,2
     f2e:	0791                	addi	a5,a5,4
     f30:	fee58f23          	sb	a4,-2(a1)
     f34:	8321                	srli	a4,a4,0x8
     f36:	fee58fa3          	sb	a4,-1(a1)
     f3a:	b7d5                	j	f1e <usbd_read_bytes_from_pma+0x38>
     f3c:	6519                	lui	a0,0x6
     f3e:	40020737          	lui	a4,0x40020
     f42:	6c050513          	addi	a0,a0,1728 # 66c0 <_data_lma+0x2e84>
     f46:	cf48                	sw	a0,28(a4)
     f48:	d70c                	sw	a1,40(a4)
     f4a:	d35c                	sw	a5,36(a4)
     f4c:	d310                	sw	a2,32(a4)
     f4e:	4f5c                	lw	a5,28(a4)
     f50:	400206b7          	lui	a3,0x40020
     f54:	0017e793          	ori	a5,a5,1
     f58:	cf5c                	sw	a5,28(a4)
     f5a:	5298                	lw	a4,32(a3)
     f5c:	ff7d                	bnez	a4,f5a <usbd_read_bytes_from_pma+0x74>
     f5e:	4ed8                	lw	a4,28(a3)
     f60:	9b79                	andi	a4,a4,-2
     f62:	ced8                	sw	a4,28(a3)
     f64:	8082                	ret

00000f66 <cdc_on_sof>:
     f66:	8741d683          	lhu	a3,-1932(gp) # 200000d4 <cdc_last_data_time>
     f6a:	84c1d783          	lhu	a5,-1972(gp) # 200000ac <sof_count>
     f6e:	8f95                	sub	a5,a5,a3
     f70:	07c2                	slli	a5,a5,0x10
     f72:	83c1                	srli	a5,a5,0x10
     f74:	46a5                	li	a3,9
     f76:	08f6f663          	bgeu	a3,a5,1002 <cdc_on_sof+0x9c>
     f7a:	400067b7          	lui	a5,0x40006
     f7e:	c0c7d683          	lhu	a3,-1012(a5) # 40005c0c <_eusrstack+0x20000c0c>
     f82:	01169613          	slli	a2,a3,0x11
     f86:	00065763          	bgez	a2,f94 <cdc_on_sof+0x2e>
     f8a:	c0c7d783          	lhu	a5,-1012(a5)
     f8e:	0407f793          	andi	a5,a5,64
     f92:	ef91                	bnez	a5,fae <cdc_on_sof+0x48>
     f94:	400067b7          	lui	a5,0x40006
     f98:	c0c7d683          	lhu	a3,-1012(a5) # 40005c0c <_eusrstack+0x20000c0c>
     f9c:	01169613          	slli	a2,a3,0x11
     fa0:	06064163          	bltz	a2,1002 <cdc_on_sof+0x9c>
     fa4:	c0c7d783          	lhu	a5,-1012(a5)
     fa8:	0407f793          	andi	a5,a5,64
     fac:	ebb9                	bnez	a5,1002 <cdc_on_sof+0x9c>
     fae:	8931c783          	lbu	a5,-1901(gp) # 200000f3 <ep3_wip>
     fb2:	0ff7f793          	andi	a5,a5,255
     fb6:	e7b1                	bnez	a5,1002 <cdc_on_sof+0x9c>
     fb8:	89418793          	addi	a5,gp,-1900 # 200000f4 <ep3_write_select>
     fbc:	2394                	lbu	a3,0(a5)
     fbe:	0ff6f693          	andi	a3,a3,255
     fc2:	cec9                	beqz	a3,105c <cdc_on_sof+0xf6>
     fc4:	89218693          	addi	a3,gp,-1902 # 200000f2 <ep3_t1_num_bytes>
     fc8:	228c                	lbu	a1,0(a3)
     fca:	40006637          	lui	a2,0x40006
     fce:	be4e                	sh	a1,60(a2)
     fd0:	04000593          	li	a1,64
     fd4:	a28c                	sb	a1,0(a3)
     fd6:	00078023          	sb	zero,0(a5)
     fda:	c0c65683          	lhu	a3,-1012(a2) # 40005c0c <_eusrstack+0x20000c0c>
     fde:	77f5                	lui	a5,0xffffd
     fe0:	f8f78793          	addi	a5,a5,-113 # ffffcf8f <_eusrstack+0xdfff7f8f>
     fe4:	8ff5                	and	a5,a5,a3
     fe6:	c0f61623          	sh	a5,-1012(a2)
     fea:	400066b7          	lui	a3,0x40006
     fee:	c0c6d603          	lhu	a2,-1012(a3) # 40005c0c <_eusrstack+0x20000c0c>
     ff2:	77e5                	lui	a5,0xffff9
     ff4:	fbf78793          	addi	a5,a5,-65 # ffff8fbf <_eusrstack+0xdfff3fbf>
     ff8:	8ff1                	and	a5,a5,a2
     ffa:	0307c793          	xori	a5,a5,48
     ffe:	c0f69623          	sh	a5,-1012(a3)
    1002:	84c1d783          	lhu	a5,-1972(gp) # 200000ac <sof_count>
    1006:	8761d703          	lhu	a4,-1930(gp) # 200000d6 <cdc_last_status_time>
    100a:	8f99                	sub	a5,a5,a4
    100c:	07c2                	slli	a5,a5,0x10
    100e:	83c1                	srli	a5,a5,0x10
    1010:	4725                	li	a4,9
    1012:	02f77063          	bgeu	a4,a5,1032 <cdc_on_sof+0xcc>
    1016:	40006737          	lui	a4,0x40006
    101a:	46a9                	li	a3,10
    101c:	ab56                	sh	a3,20(a4)
    101e:	c0475683          	lhu	a3,-1020(a4) # 40005c04 <_eusrstack+0x20000c04>
    1022:	77e5                	lui	a5,0xffff9
    1024:	fbf78793          	addi	a5,a5,-65 # ffff8fbf <_eusrstack+0xdfff3fbf>
    1028:	8ff5                	and	a5,a5,a3
    102a:	0307c793          	xori	a5,a5,48
    102e:	c0f71223          	sh	a5,-1020(a4)
    1032:	40006737          	lui	a4,0x40006
    1036:	c0875783          	lhu	a5,-1016(a4) # 40005c08 <_eusrstack+0x20000c08>
    103a:	668d                	lui	a3,0x3
    103c:	8ff5                	and	a5,a5,a3
    103e:	6689                	lui	a3,0x2
    1040:	00d79d63          	bne	a5,a3,105a <cdc_on_sof+0xf4>
    1044:	c0875683          	lhu	a3,-1016(a4)
    1048:	77f1                	lui	a5,0xffffc
    104a:	f8f78793          	addi	a5,a5,-113 # ffffbf8f <_eusrstack+0xdfff6f8f>
    104e:	8ff5                	and	a5,a5,a3
    1050:	8881d683          	lhu	a3,-1912(gp) # 200000e8 <ep2_out_res>
    1054:	8fb5                	xor	a5,a5,a3
    1056:	c0f71423          	sh	a5,-1016(a4)
    105a:	8082                	ret
    105c:	89118693          	addi	a3,gp,-1903 # 200000f1 <ep3_t0_num_bytes>
    1060:	228c                	lbu	a1,0(a3)
    1062:	40006637          	lui	a2,0x40006
    1066:	ba4e                	sh	a1,52(a2)
    1068:	04000593          	li	a1,64
    106c:	a28c                	sb	a1,0(a3)
    106e:	4685                	li	a3,1
    1070:	a394                	sb	a3,0(a5)
    1072:	c0c65683          	lhu	a3,-1012(a2) # 40005c0c <_eusrstack+0x20000c0c>
    1076:	77f5                	lui	a5,0xffffd
    1078:	f8f78793          	addi	a5,a5,-113 # ffffcf8f <_eusrstack+0xdfff7f8f>
    107c:	8ff5                	and	a5,a5,a3
    107e:	6691                	lui	a3,0x4
    1080:	8fb5                	xor	a5,a5,a3
    1082:	b795                	j	fe6 <cdc_on_sof+0x80>

00001084 <cdc_on_rst>:
    1084:	880186a3          	sb	zero,-1907(gp) # 200000ed <ep2_t0_zlp>
    1088:	88018823          	sb	zero,-1904(gp) # 200000f0 <ep2_t1_zlp>
    108c:	88018523          	sb	zero,-1910(gp) # 200000ea <ep2_read_select>
    1090:	880185a3          	sb	zero,-1909(gp) # 200000eb <ep2_t0_num_bytes>
    1094:	88018623          	sb	zero,-1908(gp) # 200000ec <ep2_t0_read_offset>
    1098:	88018723          	sb	zero,-1906(gp) # 200000ee <ep2_t1_num_bytes>
    109c:	880187a3          	sb	zero,-1905(gp) # 200000ef <ep2_t1_read_offset>
    10a0:	880189a3          	sb	zero,-1901(gp) # 200000f3 <ep3_wip>
    10a4:	88018a23          	sb	zero,-1900(gp) # 200000f4 <ep3_write_select>
    10a8:	880188a3          	sb	zero,-1903(gp) # 200000f1 <ep3_t0_num_bytes>
    10ac:	88018923          	sb	zero,-1902(gp) # 200000f2 <ep3_t1_num_bytes>
    10b0:	670d                	lui	a4,0x3
    10b2:	88e19423          	sh	a4,-1912(gp) # 200000e8 <ep2_out_res>
    10b6:	400067b7          	lui	a5,0x40006
    10ba:	c007d603          	lhu	a2,-1024(a5) # 40005c00 <_eusrstack+0x20000c00>
    10be:	670d                	lui	a4,0x3
    10c0:	02070693          	addi	a3,a4,32 # 3020 <_printf_common+0x5e>
    10c4:	8e35                	xor	a2,a2,a3
    10c6:	c0c79023          	sh	a2,-1024(a5)
    10ca:	c047d603          	lhu	a2,-1020(a5)
    10ce:	04070713          	addi	a4,a4,64
    10d2:	8eb1                	xor	a3,a3,a2
    10d4:	c0d79223          	sh	a3,-1020(a5)
    10d8:	c087d683          	lhu	a3,-1016(a5)
    10dc:	8f35                	xor	a4,a4,a3
    10de:	c0e79423          	sh	a4,-1016(a5)
    10e2:	c0c7d703          	lhu	a4,-1012(a5)
    10e6:	02074713          	xori	a4,a4,32
    10ea:	c0e79623          	sh	a4,-1012(a5)
    10ee:	86019a23          	sh	zero,-1932(gp) # 200000d4 <cdc_last_data_time>
    10f2:	86019b23          	sh	zero,-1930(gp) # 200000d6 <cdc_last_status_time>
    10f6:	84019623          	sh	zero,-1972(gp) # 200000ac <sof_count>
    10fa:	860188a3          	sb	zero,-1935(gp) # 200000d1 <cdc_config>
    10fe:	8082                	ret

00001100 <cdc_on_out>:
    1100:	e531                	bnez	a0,114c <cdc_on_out+0x4c>
    1102:	87818793          	addi	a5,gp,-1928 # 200000d8 <cdc_setup_buf>
    1106:	3398                	lbu	a4,1(a5)
    1108:	02000693          	li	a3,32
    110c:	0cd71d63          	bne	a4,a3,11e6 <cdc_on_out+0xe6>
    1110:	239c                	lbu	a5,0(a5)
    1112:	0607f793          	andi	a5,a5,96
    1116:	0ce79863          	bne	a5,a4,11e6 <cdc_on_out+0xe6>
    111a:	816ff2ef          	jal	t0,130 <__riscv_save_0>
    111e:	400067b7          	lui	a5,0x40006
    1122:	278a                	lhu	a0,8(a5)
    1124:	200005b7          	lui	a1,0x20000
    1128:	4611                	li	a2,4
    112a:	06058593          	addi	a1,a1,96 # 20000060 <cdc_line_coding>
    112e:	39dd                	jal	e24 <usbd_read_from_pma>
    1130:	40006737          	lui	a4,0x40006
    1134:	00071223          	sh	zero,4(a4) # 40006004 <_eusrstack+0x20001004>
    1138:	c0075683          	lhu	a3,-1024(a4)
    113c:	679d                	lui	a5,0x7
    113e:	07078793          	addi	a5,a5,112 # 7070 <_data_lma+0x3834>
    1142:	8fb5                	xor	a5,a5,a3
    1144:	c0f71023          	sh	a5,-1024(a4)
    1148:	80cff06f          	j	154 <__riscv_restore_0>
    114c:	4789                	li	a5,2
    114e:	0af51863          	bne	a0,a5,11fe <cdc_on_out+0xfe>
    1152:	40006737          	lui	a4,0x40006
    1156:	c0875683          	lhu	a3,-1016(a4) # 40005c08 <_eusrstack+0x20000c08>
    115a:	02070793          	addi	a5,a4,32
    115e:	01169613          	slli	a2,a3,0x11
    1162:	04065863          	bgez	a2,11b2 <cdc_on_out+0xb2>
    1166:	23d6                	lhu	a3,4(a5)
    1168:	88b18793          	addi	a5,gp,-1909 # 200000eb <ep2_t0_num_bytes>
    116c:	0ff6f693          	andi	a3,a3,255
    1170:	a394                	sb	a3,0(a5)
    1172:	2394                	lbu	a3,0(a5)
    1174:	0ff6f693          	andi	a3,a3,255
    1178:	0016b693          	seqz	a3,a3
    117c:	88d186a3          	sb	a3,-1907(gp) # 200000ed <ep2_t0_zlp>
    1180:	2394                	lbu	a3,0(a5)
    1182:	77e5                	lui	a5,0xffff9
    1184:	fcf78793          	addi	a5,a5,-49 # ffff8fcf <_eusrstack+0xdfff3fcf>
    1188:	0ff6f693          	andi	a3,a3,255
    118c:	ce89                	beqz	a3,11a6 <cdc_on_out+0xa6>
    118e:	c0875683          	lhu	a3,-1016(a4)
    1192:	8ff5                	and	a5,a5,a3
    1194:	88a1c683          	lbu	a3,-1910(gp) # 200000ea <ep2_read_select>
    1198:	0ff6f693          	andi	a3,a3,255
    119c:	00d036b3          	snez	a3,a3
    11a0:	069a                	slli	a3,a3,0x6
    11a2:	8fb5                	xor	a5,a5,a3
    11a4:	a021                	j	11ac <cdc_on_out+0xac>
    11a6:	c0875683          	lhu	a3,-1016(a4)
    11aa:	8ff5                	and	a5,a5,a3
    11ac:	c0f71423          	sh	a5,-1016(a4)
    11b0:	8082                	ret
    11b2:	27d6                	lhu	a3,12(a5)
    11b4:	88e18793          	addi	a5,gp,-1906 # 200000ee <ep2_t1_num_bytes>
    11b8:	0ff6f693          	andi	a3,a3,255
    11bc:	a394                	sb	a3,0(a5)
    11be:	2394                	lbu	a3,0(a5)
    11c0:	0ff6f693          	andi	a3,a3,255
    11c4:	0016b693          	seqz	a3,a3
    11c8:	88d18823          	sb	a3,-1904(gp) # 200000f0 <ep2_t1_zlp>
    11cc:	2394                	lbu	a3,0(a5)
    11ce:	77e5                	lui	a5,0xffff9
    11d0:	fcf78793          	addi	a5,a5,-49 # ffff8fcf <_eusrstack+0xdfff3fcf>
    11d4:	0ff6f693          	andi	a3,a3,255
    11d8:	fadd                	bnez	a3,118e <cdc_on_out+0x8e>
    11da:	c0875683          	lhu	a3,-1016(a4)
    11de:	8ff5                	and	a5,a5,a3
    11e0:	0407c793          	xori	a5,a5,64
    11e4:	b7e1                	j	11ac <cdc_on_out+0xac>
    11e6:	40006737          	lui	a4,0x40006
    11ea:	00071223          	sh	zero,4(a4) # 40006004 <_eusrstack+0x20001004>
    11ee:	c0075683          	lhu	a3,-1024(a4)
    11f2:	679d                	lui	a5,0x7
    11f4:	07078793          	addi	a5,a5,112 # 7070 <_data_lma+0x3834>
    11f8:	8fb5                	xor	a5,a5,a3
    11fa:	c0f71023          	sh	a5,-1024(a4)
    11fe:	8082                	ret

00001200 <cdc_gen_string_serial>:
    1200:	f31fe2ef          	jal	t0,130 <__riscv_save_0>
    1204:	400067b7          	lui	a5,0x40006
    1208:	842a                	mv	s0,a0
    120a:	238a                	lhu	a0,0(a5)
    120c:	8801c683          	lbu	a3,-1920(gp) # 200000e0 <cdc_string_serial_offset>
    1210:	4705                	li	a4,1
    1212:	0542                	slli	a0,a0,0x10
    1214:	1141                	addi	sp,sp,-16
    1216:	8141                	srli	a0,a0,0x10
    1218:	88018493          	addi	s1,gp,-1920 # 200000e0 <cdc_string_serial_offset>
    121c:	02d76063          	bltu	a4,a3,123c <cdc_gen_string_serial+0x3c>
    1220:	00151713          	slli	a4,a0,0x1
    1224:	97ba                	add	a5,a5,a4
    1226:	81c1d703          	lhu	a4,-2020(gp) # 2000007c <cdc_string_serial>
    122a:	0509                	addi	a0,a0,2
    122c:	0542                	slli	a0,a0,0x10
    122e:	a39a                	sh	a4,0(a5)
    1230:	1479                	addi	s0,s0,-2
    1232:	4789                	li	a5,2
    1234:	8141                	srli	a0,a0,0x10
    1236:	a09c                	sb	a5,0(s1)
    1238:	0ff47413          	andi	s0,s0,255
    123c:	2094                	lbu	a3,0(s1)
    123e:	4601                	li	a2,0
    1240:	1ffff5b7          	lui	a1,0x1ffff
    1244:	16f9                	addi	a3,a3,-2
    1246:	0ff6f693          	andi	a3,a3,255
    124a:	4825                	li	a6,9
    124c:	0ff67713          	andi	a4,a2,255
    1250:	00e687b3          	add	a5,a3,a4
    1254:	0ff7f793          	andi	a5,a5,255
    1258:	00876f63          	bltu	a4,s0,1276 <cdc_gen_string_serial+0x76>
    125c:	00140613          	addi	a2,s0,1
    1260:	8605                	srai	a2,a2,0x1
    1262:	0642                	slli	a2,a2,0x10
    1264:	002c                	addi	a1,sp,8
    1266:	8241                	srli	a2,a2,0x10
    1268:	3669                	jal	df2 <usbd_write_to_pma>
    126a:	209c                	lbu	a5,0(s1)
    126c:	943e                	add	s0,s0,a5
    126e:	a080                	sb	s0,0(s1)
    1270:	0141                	addi	sp,sp,16
    1272:	ee3fe06f          	j	154 <__riscv_restore_0>
    1276:	0017f713          	andi	a4,a5,1
    127a:	c719                	beqz	a4,1288 <cdc_gen_string_serial+0x88>
    127c:	003c                	addi	a5,sp,8
    127e:	97b2                	add	a5,a5,a2
    1280:	00078023          	sb	zero,0(a5) # 40006000 <_eusrstack+0x20001000>
    1284:	0605                	addi	a2,a2,1
    1286:	b7d9                	j	124c <cdc_gen_string_serial+0x4c>
    1288:	0027d713          	srli	a4,a5,0x2
    128c:	972e                	add	a4,a4,a1
    128e:	8b89                	andi	a5,a5,2
    1290:	7e874703          	lbu	a4,2024(a4)
    1294:	c391                	beqz	a5,1298 <cdc_gen_string_serial+0x98>
    1296:	8311                	srli	a4,a4,0x4
    1298:	00f77793          	andi	a5,a4,15
    129c:	03778713          	addi	a4,a5,55
    12a0:	00f86463          	bltu	a6,a5,12a8 <cdc_gen_string_serial+0xa8>
    12a4:	03078713          	addi	a4,a5,48
    12a8:	003c                	addi	a5,sp,8
    12aa:	97b2                	add	a5,a5,a2
    12ac:	a398                	sb	a4,0(a5)
    12ae:	bfd9                	j	1284 <cdc_gen_string_serial+0x84>

000012b0 <cdc_on_in>:
    12b0:	e545                	bnez	a0,1358 <cdc_on_in+0xa8>
    12b2:	e7ffe2ef          	jal	t0,130 <__riscv_save_0>
    12b6:	8781c783          	lbu	a5,-1928(gp) # 200000d8 <cdc_setup_buf>
    12ba:	87818493          	addi	s1,gp,-1928 # 200000d8 <cdc_setup_buf>
    12be:	0607f793          	andi	a5,a5,96
    12c2:	e7d1                	bnez	a5,134e <cdc_on_in+0x9e>
    12c4:	309c                	lbu	a5,1(s1)
    12c6:	4715                	li	a4,5
    12c8:	06e78563          	beq	a5,a4,1332 <cdc_on_in+0x82>
    12cc:	4719                	li	a4,6
    12ce:	08e79063          	bne	a5,a4,134e <cdc_on_in+0x9e>
    12d2:	20e2                	lhu	s0,6(s1)
    12d4:	47a1                	li	a5,8
    12d6:	0087f363          	bgeu	a5,s0,12dc <cdc_on_in+0x2c>
    12da:	4421                	li	s0,8
    12dc:	8801c783          	lbu	a5,-1920(gp) # 200000e0 <cdc_string_serial_offset>
    12e0:	0442                	slli	s0,s0,0x10
    12e2:	8041                	srli	s0,s0,0x10
    12e4:	c795                	beqz	a5,1310 <cdc_on_in+0x60>
    12e6:	0ff47513          	andi	a0,s0,255
    12ea:	3f19                	jal	1200 <cdc_gen_string_serial>
    12ec:	20fe                	lhu	a5,6(s1)
    12ee:	40006737          	lui	a4,0x40006
    12f2:	8f81                	sub	a5,a5,s0
    12f4:	a0fe                	sh	a5,6(s1)
    12f6:	a342                	sh	s0,4(a4)
    12f8:	c0075683          	lhu	a3,-1024(a4) # 40005c00 <_eusrstack+0x20000c00>
    12fc:	77e5                	lui	a5,0xffff9
    12fe:	fbf78793          	addi	a5,a5,-65 # ffff8fbf <_eusrstack+0xdfff3fbf>
    1302:	8ff5                	and	a5,a5,a3
    1304:	0307c793          	xori	a5,a5,48
    1308:	c0f71023          	sh	a5,-1024(a4)
    130c:	e49fe06f          	j	154 <__riscv_restore_0>
    1310:	400067b7          	lui	a5,0x40006
    1314:	88418913          	addi	s2,gp,-1916 # 200000e4 <descriptor_ptr>
    1318:	238a                	lhu	a0,0(a5)
    131a:	00092583          	lw	a1,0(s2)
    131e:	00140613          	addi	a2,s0,1
    1322:	8205                	srli	a2,a2,0x1
    1324:	34f9                	jal	df2 <usbd_write_to_pma>
    1326:	00092783          	lw	a5,0(s2)
    132a:	97a2                	add	a5,a5,s0
    132c:	00f92023          	sw	a5,0(s2)
    1330:	bf75                	j	12ec <cdc_on_in+0x3c>
    1332:	40006737          	lui	a4,0x40006
    1336:	c4c75783          	lhu	a5,-948(a4) # 40005c4c <_eusrstack+0x20000c4c>
    133a:	8701c683          	lbu	a3,-1936(gp) # 200000d0 <cdc_address>
    133e:	07c2                	slli	a5,a5,0x10
    1340:	83c1                	srli	a5,a5,0x10
    1342:	f807f793          	andi	a5,a5,-128
    1346:	8fd5                	or	a5,a5,a3
    1348:	c4f71623          	sh	a5,-948(a4)
    134c:	b7c1                	j	130c <cdc_on_in+0x5c>
    134e:	400067b7          	lui	a5,0x40006
    1352:	00079223          	sh	zero,4(a5) # 40006004 <_eusrstack+0x20001004>
    1356:	bf5d                	j	130c <cdc_on_in+0x5c>
    1358:	4785                	li	a5,1
    135a:	00f51b63          	bne	a0,a5,1370 <cdc_on_in+0xc0>
    135e:	400067b7          	lui	a5,0x40006
    1362:	00079a23          	sh	zero,20(a5) # 40006014 <_eusrstack+0x20001014>
    1366:	84c1d703          	lhu	a4,-1972(gp) # 200000ac <sof_count>
    136a:	86e19b23          	sh	a4,-1930(gp) # 200000d6 <cdc_last_status_time>
    136e:	8082                	ret
    1370:	478d                	li	a5,3
    1372:	04f51b63          	bne	a0,a5,13c8 <cdc_on_in+0x118>
    1376:	400067b7          	lui	a5,0x40006
    137a:	c0c7d703          	lhu	a4,-1012(a5) # 40005c0c <_eusrstack+0x20000c0c>
    137e:	03078793          	addi	a5,a5,48
    1382:	04077713          	andi	a4,a4,64
    1386:	cf05                	beqz	a4,13be <cdc_on_in+0x10e>
    1388:	880188a3          	sb	zero,-1903(gp) # 200000f1 <ep3_t0_num_bytes>
    138c:	00079223          	sh	zero,4(a5)
    1390:	400066b7          	lui	a3,0x40006
    1394:	c0c6d703          	lhu	a4,-1012(a3) # 40005c0c <_eusrstack+0x20000c0c>
    1398:	77f5                	lui	a5,0xffffd
    139a:	f8f78793          	addi	a5,a5,-113 # ffffcf8f <_eusrstack+0xdfff7f8f>
    139e:	8ff9                	and	a5,a5,a4
    13a0:	8941c703          	lbu	a4,-1900(gp) # 200000f4 <ep3_write_select>
    13a4:	0ff77713          	andi	a4,a4,255
    13a8:	00e03733          	snez	a4,a4
    13ac:	073a                	slli	a4,a4,0xe
    13ae:	8fb9                	xor	a5,a5,a4
    13b0:	c0f69623          	sh	a5,-1012(a3)
    13b4:	84c1d703          	lhu	a4,-1972(gp) # 200000ac <sof_count>
    13b8:	86e19a23          	sh	a4,-1932(gp) # 200000d4 <cdc_last_data_time>
    13bc:	8082                	ret
    13be:	88018923          	sb	zero,-1902(gp) # 200000f2 <ep3_t1_num_bytes>
    13c2:	00079623          	sh	zero,12(a5)
    13c6:	b7e9                	j	1390 <cdc_on_in+0xe0>
    13c8:	8082                	ret

000013ca <cdc_on_setup>:
    13ca:	28051d63          	bnez	a0,1664 <cdc_on_setup+0x29a>
    13ce:	d49fe2ef          	jal	t0,116 <__riscv_save_4>
    13d2:	40006a37          	lui	s4,0x40006
    13d6:	892a                	mv	s2,a0
    13d8:	008a5503          	lhu	a0,8(s4) # 40006008 <_eusrstack+0x20001008>
    13dc:	87818593          	addi	a1,gp,-1928 # 200000d8 <cdc_setup_buf>
    13e0:	4611                	li	a2,4
    13e2:	3489                	jal	e24 <usbd_read_from_pma>
    13e4:	87818a93          	addi	s5,gp,-1928 # 200000d8 <cdc_setup_buf>
    13e8:	000ac783          	lbu	a5,0(s5)
    13ec:	8801a223          	sw	zero,-1916(gp) # 200000e4 <descriptor_ptr>
    13f0:	88018023          	sb	zero,-1920(gp) # 200000e0 <cdc_string_serial_offset>
    13f4:	0607f713          	andi	a4,a5,96
    13f8:	87818413          	addi	s0,gp,-1928 # 200000d8 <cdc_setup_buf>
    13fc:	88418493          	addi	s1,gp,-1916 # 200000e4 <descriptor_ptr>
    1400:	88018993          	addi	s3,gp,-1920 # 200000e0 <cdc_string_serial_offset>
    1404:	20071263          	bnez	a4,1608 <cdc_on_setup+0x23e>
    1408:	3018                	lbu	a4,1(s0)
    140a:	46ad                	li	a3,11
    140c:	18e6eb63          	bltu	a3,a4,15a2 <cdc_on_setup+0x1d8>
    1410:	668d                	lui	a3,0x3
    1412:	070a                	slli	a4,a4,0x2
    1414:	5e868693          	addi	a3,a3,1512 # 35e8 <_read+0x10>
    1418:	9736                	add	a4,a4,a3
    141a:	4318                	lw	a4,0(a4)
    141c:	8702                	jr	a4
    141e:	400067b7          	lui	a5,0x40006
    1422:	239a                	lhu	a4,0(a5)
    1424:	4909                	li	s2,2
    1426:	0706                	slli	a4,a4,0x1
    1428:	97ba                	add	a5,a5,a4
    142a:	00079023          	sh	zero,0(a5) # 40006000 <_eusrstack+0x20001000>
    142e:	207e                	lhu	a5,6(s0)
    1430:	0942                	slli	s2,s2,0x10
    1432:	01095913          	srli	s2,s2,0x10
    1436:	00f97463          	bgeu	s2,a5,143e <cdc_on_setup+0x74>
    143a:	01241323          	sh	s2,6(s0)
    143e:	00645903          	lhu	s2,6(s0)
    1442:	47a1                	li	a5,8
    1444:	0127f363          	bgeu	a5,s2,144a <cdc_on_setup+0x80>
    1448:	4921                	li	s2,8
    144a:	0009c783          	lbu	a5,0(s3)
    144e:	0942                	slli	s2,s2,0x10
    1450:	01095913          	srli	s2,s2,0x10
    1454:	1e078963          	beqz	a5,1646 <cdc_on_setup+0x27c>
    1458:	0ff97513          	andi	a0,s2,255
    145c:	00098023          	sb	zero,0(s3)
    1460:	3345                	jal	1200 <cdc_gen_string_serial>
    1462:	207e                	lhu	a5,6(s0)
    1464:	40006737          	lui	a4,0x40006
    1468:	412787b3          	sub	a5,a5,s2
    146c:	a07e                	sh	a5,6(s0)
    146e:	01271223          	sh	s2,4(a4) # 40006004 <_eusrstack+0x20001004>
    1472:	679d                	lui	a5,0x7
    1474:	c0075683          	lhu	a3,-1024(a4)
    1478:	07078793          	addi	a5,a5,112 # 7070 <_data_lma+0x3834>
    147c:	aa25                	j	15b4 <cdc_on_setup+0x1ea>
    147e:	8bfd                	andi	a5,a5,31
    1480:	4709                	li	a4,2
    1482:	12e79063          	bne	a5,a4,15a2 <cdc_on_setup+0x1d8>
    1486:	2058                	lbu	a4,4(s0)
    1488:	08100693          	li	a3,129
    148c:	02d70763          	beq	a4,a3,14ba <cdc_on_setup+0xf0>
    1490:	08300693          	li	a3,131
    1494:	02d70f63          	beq	a4,a3,14d2 <cdc_on_setup+0x108>
    1498:	10f71563          	bne	a4,a5,15a2 <cdc_on_setup+0x1d8>
    149c:	668d                	lui	a3,0x3
    149e:	88d19423          	sh	a3,-1912(gp) # 200000e8 <ep2_out_res>
    14a2:	40006737          	lui	a4,0x40006
    14a6:	c0875783          	lhu	a5,-1016(a4) # 40005c08 <_eusrstack+0x20000c08>
    14aa:	07c2                	slli	a5,a5,0x10
    14ac:	83c1                	srli	a5,a5,0x10
    14ae:	f8f7f793          	andi	a5,a5,-113
    14b2:	8fb5                	xor	a5,a5,a3
    14b4:	c0f71423          	sh	a5,-1016(a4)
    14b8:	bf9d                	j	142e <cdc_on_setup+0x64>
    14ba:	40006737          	lui	a4,0x40006
    14be:	c0475683          	lhu	a3,-1020(a4) # 40005c04 <_eusrstack+0x20000c04>
    14c2:	77e5                	lui	a5,0xffff9
    14c4:	17fd                	addi	a5,a5,-1
    14c6:	8ff5                	and	a5,a5,a3
    14c8:	0207c793          	xori	a5,a5,32
    14cc:	c0f71223          	sh	a5,-1020(a4)
    14d0:	bfb9                	j	142e <cdc_on_setup+0x64>
    14d2:	40006737          	lui	a4,0x40006
    14d6:	c0c75683          	lhu	a3,-1012(a4) # 40005c0c <_eusrstack+0x20000c0c>
    14da:	77e5                	lui	a5,0xffff9
    14dc:	17fd                	addi	a5,a5,-1
    14de:	8ff5                	and	a5,a5,a3
    14e0:	0207c793          	xori	a5,a5,32
    14e4:	c0f71623          	sh	a5,-1012(a4)
    14e8:	b799                	j	142e <cdc_on_setup+0x64>
    14ea:	8bfd                	andi	a5,a5,31
    14ec:	4709                	li	a4,2
    14ee:	0ae79a63          	bne	a5,a4,15a2 <cdc_on_setup+0x1d8>
    14f2:	205a                	lhu	a4,4(s0)
    14f4:	f0077693          	andi	a3,a4,-256
    14f8:	e6cd                	bnez	a3,15a2 <cdc_on_setup+0x1d8>
    14fa:	0ff77713          	andi	a4,a4,255
    14fe:	08100693          	li	a3,129
    1502:	00d70a63          	beq	a4,a3,1516 <cdc_on_setup+0x14c>
    1506:	08300693          	li	a3,131
    150a:	02d70063          	beq	a4,a3,152a <cdc_on_setup+0x160>
    150e:	08f71a63          	bne	a4,a5,15a2 <cdc_on_setup+0x1d8>
    1512:	6685                	lui	a3,0x1
    1514:	b769                	j	149e <cdc_on_setup+0xd4>
    1516:	40006737          	lui	a4,0x40006
    151a:	c0475683          	lhu	a3,-1020(a4) # 40005c04 <_eusrstack+0x20000c04>
    151e:	77e5                	lui	a5,0xffff9
    1520:	17fd                	addi	a5,a5,-1
    1522:	8ff5                	and	a5,a5,a3
    1524:	0107c793          	xori	a5,a5,16
    1528:	b755                	j	14cc <cdc_on_setup+0x102>
    152a:	40006737          	lui	a4,0x40006
    152e:	c0c75683          	lhu	a3,-1012(a4) # 40005c0c <_eusrstack+0x20000c0c>
    1532:	77e5                	lui	a5,0xffff9
    1534:	17fd                	addi	a5,a5,-1
    1536:	8ff5                	and	a5,a5,a3
    1538:	0107c793          	xori	a5,a5,16
    153c:	b765                	j	14e4 <cdc_on_setup+0x11a>
    153e:	203a                	lhu	a4,2(s0)
    1540:	86e18823          	sb	a4,-1936(gp) # 200000d0 <cdc_address>
    1544:	b5ed                	j	142e <cdc_on_setup+0x64>
    1546:	203e                	lhu	a5,2(s0)
    1548:	4689                	li	a3,2
    154a:	0087d713          	srli	a4,a5,0x8
    154e:	00d70e63          	beq	a4,a3,156a <cdc_on_setup+0x1a0>
    1552:	468d                	li	a3,3
    1554:	02d70263          	beq	a4,a3,1578 <cdc_on_setup+0x1ae>
    1558:	4785                	li	a5,1
    155a:	04f71463          	bne	a4,a5,15a2 <cdc_on_setup+0x1d8>
    155e:	678d                	lui	a5,0x3
    1560:	66c78793          	addi	a5,a5,1644 # 366c <cdc_device_descriptor>
    1564:	c09c                	sw	a5,0(s1)
    1566:	4949                	li	s2,18
    1568:	b5d9                	j	142e <cdc_on_setup+0x64>
    156a:	678d                	lui	a5,0x3
    156c:	62878793          	addi	a5,a5,1576 # 3628 <cdc_config_descriptor>
    1570:	c09c                	sw	a5,0(s1)
    1572:	04300913          	li	s2,67
    1576:	bd65                	j	142e <cdc_on_setup+0x64>
    1578:	0ff7f793          	andi	a5,a5,255
    157c:	04f76563          	bltu	a4,a5,15c6 <cdc_on_setup+0x1fc>
    1580:	670d                	lui	a4,0x3
    1582:	078a                	slli	a5,a5,0x2
    1584:	61870713          	addi	a4,a4,1560 # 3618 <_read+0x40>
    1588:	97ba                	add	a5,a5,a4
    158a:	439c                	lw	a5,0(a5)
    158c:	8782                	jr	a5
    158e:	81818793          	addi	a5,gp,-2024 # 20000078 <cdc_string_lang_id>
    1592:	c09c                	sw	a5,0(s1)
    1594:	409c                	lw	a5,0(s1)
    1596:	0007c903          	lbu	s2,0(a5)
    159a:	0ff00793          	li	a5,255
    159e:	e8f918e3          	bne	s2,a5,142e <cdc_on_setup+0x64>
    15a2:	57fd                	li	a5,-1
    15a4:	b01c                	sb	a5,1(s0)
    15a6:	40006737          	lui	a4,0x40006
    15aa:	c0075683          	lhu	a3,-1024(a4) # 40005c00 <_eusrstack+0x20000c00>
    15ae:	6795                	lui	a5,0x5
    15b0:	05078793          	addi	a5,a5,80 # 5050 <_data_lma+0x1814>
    15b4:	8fb5                	xor	a5,a5,a3
    15b6:	c0f71023          	sh	a5,-1024(a4)
    15ba:	b91fe06f          	j	14a <__riscv_restore_4>
    15be:	678d                	lui	a5,0x3
    15c0:	69e78793          	addi	a5,a5,1694 # 369e <cdc_string_vendor>
    15c4:	b7f9                	j	1592 <cdc_on_setup+0x1c8>
    15c6:	678d                	lui	a5,0x3
    15c8:	68878793          	addi	a5,a5,1672 # 3688 <cdc_string_product>
    15cc:	b7d9                	j	1592 <cdc_on_setup+0x1c8>
    15ce:	81c18793          	addi	a5,gp,-2020 # 2000007c <cdc_string_serial>
    15d2:	c09c                	sw	a5,0(s1)
    15d4:	57fd                	li	a5,-1
    15d6:	00f98023          	sb	a5,0(s3)
    15da:	bf6d                	j	1594 <cdc_on_setup+0x1ca>
    15dc:	8711c683          	lbu	a3,-1935(gp) # 200000d1 <cdc_config>
    15e0:	400067b7          	lui	a5,0x40006
    15e4:	239a                	lhu	a4,0(a5)
    15e6:	0706                	slli	a4,a4,0x1
    15e8:	97ba                	add	a5,a5,a4
    15ea:	a396                	sh	a3,0(a5)
    15ec:	4905                	li	s2,1
    15ee:	b581                	j	142e <cdc_on_setup+0x64>
    15f0:	2038                	lbu	a4,2(s0)
    15f2:	86e188a3          	sb	a4,-1935(gp) # 200000d1 <cdc_config>
    15f6:	bd25                	j	142e <cdc_on_setup+0x64>
    15f8:	400067b7          	lui	a5,0x40006
    15fc:	239a                	lhu	a4,0(a5)
    15fe:	0706                	slli	a4,a4,0x1
    1600:	97ba                	add	a5,a5,a4
    1602:	00079023          	sh	zero,0(a5) # 40006000 <_eusrstack+0x20001000>
    1606:	b7dd                	j	15ec <cdc_on_setup+0x222>
    1608:	02000793          	li	a5,32
    160c:	f8f71be3          	bne	a4,a5,15a2 <cdc_on_setup+0x1d8>
    1610:	301c                	lbu	a5,1(s0)
    1612:	02100693          	li	a3,33
    1616:	00d78963          	beq	a5,a3,1628 <cdc_on_setup+0x25e>
    161a:	02200693          	li	a3,34
    161e:	02d78063          	beq	a5,a3,163e <cdc_on_setup+0x274>
    1622:	f8e790e3          	bne	a5,a4,15a2 <cdc_on_setup+0x1d8>
    1626:	b521                	j	142e <cdc_on_setup+0x64>
    1628:	000a5503          	lhu	a0,0(s4)
    162c:	200005b7          	lui	a1,0x20000
    1630:	4611                	li	a2,4
    1632:	06058593          	addi	a1,a1,96 # 20000060 <cdc_line_coding>
    1636:	fbcff0ef          	jal	ra,df2 <usbd_write_to_pma>
    163a:	491d                	li	s2,7
    163c:	bbcd                	j	142e <cdc_on_setup+0x64>
    163e:	2038                	lbu	a4,2(s0)
    1640:	86e18923          	sb	a4,-1934(gp) # 200000d2 <cdc_control_line_state>
    1644:	b3ed                	j	142e <cdc_on_setup+0x64>
    1646:	408c                	lw	a1,0(s1)
    1648:	e0058de3          	beqz	a1,1462 <cdc_on_setup+0x98>
    164c:	400067b7          	lui	a5,0x40006
    1650:	238a                	lhu	a0,0(a5)
    1652:	00190613          	addi	a2,s2,1
    1656:	8205                	srli	a2,a2,0x1
    1658:	f9aff0ef          	jal	ra,df2 <usbd_write_to_pma>
    165c:	409c                	lw	a5,0(s1)
    165e:	97ca                	add	a5,a5,s2
    1660:	c09c                	sw	a5,0(s1)
    1662:	b501                	j	1462 <cdc_on_setup+0x98>
    1664:	8082                	ret

00001666 <cdc_set_serial_state>:
    1666:	acbfe2ef          	jal	t0,130 <__riscv_save_0>
    166a:	40006437          	lui	s0,0x40006
    166e:	892a                	mv	s2,a0
    1670:	280a                	lhu	a0,16(s0)
    1672:	658d                	lui	a1,0x3
    1674:	4615                	li	a2,5
    1676:	67e58593          	addi	a1,a1,1662 # 367e <cdc_serial_state>
    167a:	f78ff0ef          	jal	ra,df2 <usbd_write_to_pma>
    167e:	281e                	lhu	a5,16(s0)
    1680:	01040493          	addi	s1,s0,16 # 40006010 <_eusrstack+0x20001010>
    1684:	07a1                	addi	a5,a5,8
    1686:	0786                	slli	a5,a5,0x1
    1688:	97a2                	add	a5,a5,s0
    168a:	01279023          	sh	s2,0(a5) # 40006000 <_eusrstack+0x20001000>
    168e:	47a9                	li	a5,10
    1690:	a85e                	sh	a5,20(s0)
    1692:	c0445703          	lhu	a4,-1020(s0)
    1696:	77e5                	lui	a5,0xffff9
    1698:	fbf78793          	addi	a5,a5,-65 # ffff8fbf <_eusrstack+0xdfff3fbf>
    169c:	8ff9                	and	a5,a5,a4
    169e:	0307c793          	xori	a5,a5,48
    16a2:	c0f41223          	sh	a5,-1020(s0)
    16a6:	aaffe06f          	j	154 <__riscv_restore_0>

000016aa <cdc_init>:
    16aa:	a87fe2ef          	jal	t0,130 <__riscv_save_0>
    16ae:	000017b7          	lui	a5,0x1
    16b2:	f6678793          	addi	a5,a5,-154 # f66 <cdc_on_sof>
    16b6:	86f1a223          	sw	a5,-1948(gp) # 200000c4 <usbd_sof_callback>
    16ba:	8401a823          	sw	zero,-1968(gp) # 200000b0 <usbd_esof_callback>
    16be:	000017b7          	lui	a5,0x1
    16c2:	10078793          	addi	a5,a5,256 # 1100 <cdc_on_out>
    16c6:	84f1ac23          	sw	a5,-1960(gp) # 200000b8 <usbd_out_callback>
    16ca:	000017b7          	lui	a5,0x1
    16ce:	2b078793          	addi	a5,a5,688 # 12b0 <cdc_on_in>
    16d2:	84f1aa23          	sw	a5,-1964(gp) # 200000b4 <usbd_in_callback>
    16d6:	000017b7          	lui	a5,0x1
    16da:	3ca78793          	addi	a5,a5,970 # 13ca <cdc_on_setup>
    16de:	86f1a023          	sw	a5,-1952(gp) # 200000c0 <usbd_setup_callback>
    16e2:	000017b7          	lui	a5,0x1
    16e6:	08478793          	addi	a5,a5,132 # 1084 <cdc_on_rst>
    16ea:	84f1ae23          	sw	a5,-1956(gp) # 200000bc <usbd_reset_callback>
    16ee:	650d                	lui	a0,0x3
    16f0:	8601a623          	sw	zero,-1940(gp) # 200000cc <usbd_wakeup_callback>
    16f4:	6ac50513          	addi	a0,a0,1708 # 36ac <usbd_config>
    16f8:	8601a423          	sw	zero,-1944(gp) # 200000c8 <usbd_suspend_callback>
    16fc:	d80ff0ef          	jal	ra,c7c <usbd_init>
    1700:	4501                	li	a0,0
    1702:	3795                	jal	1666 <cdc_set_serial_state>
    1704:	860188a3          	sb	zero,-1935(gp) # 200000d1 <cdc_config>
    1708:	a4dfe06f          	j	154 <__riscv_restore_0>

0000170c <cdc_bytes_available>:
    170c:	88b1c783          	lbu	a5,-1909(gp) # 200000eb <ep2_t0_num_bytes>
    1710:	88e1c503          	lbu	a0,-1906(gp) # 200000ee <ep2_t1_num_bytes>
    1714:	953e                	add	a0,a0,a5
    1716:	88c1c783          	lbu	a5,-1908(gp) # 200000ec <ep2_t0_read_offset>
    171a:	8d1d                	sub	a0,a0,a5
    171c:	88f1c783          	lbu	a5,-1905(gp) # 200000ef <ep2_t1_read_offset>
    1720:	8d1d                	sub	a0,a0,a5
    1722:	0542                	slli	a0,a0,0x10
    1724:	8141                	srli	a0,a0,0x10
    1726:	8082                	ret

00001728 <cdc_peek>:
    1728:	88a18713          	addi	a4,gp,-1910 # 200000ea <ep2_read_select>
    172c:	2318                	lbu	a4,0(a4)
    172e:	1141                	addi	sp,sp,-16
    1730:	88a18793          	addi	a5,gp,-1910 # 200000ea <ep2_read_select>
    1734:	0ff77713          	andi	a4,a4,255
    1738:	cb35                	beqz	a4,17ac <cdc_peek+0x84>
    173a:	89018713          	addi	a4,gp,-1904 # 200000f0 <ep2_t1_zlp>
    173e:	2314                	lbu	a3,0(a4)
    1740:	0ff6f693          	andi	a3,a3,255
    1744:	c6a5                	beqz	a3,17ac <cdc_peek+0x84>
    1746:	00070023          	sb	zero,0(a4)
    174a:	00078023          	sb	zero,0(a5)
    174e:	40006637          	lui	a2,0x40006
    1752:	c0865703          	lhu	a4,-1016(a2) # 40005c08 <_eusrstack+0x20000c08>
    1756:	c0865683          	lhu	a3,-1016(a2)
    175a:	8339                	srli	a4,a4,0xe
    175c:	00174713          	xori	a4,a4,1
    1760:	8299                	srli	a3,a3,0x6
    1762:	8b05                	andi	a4,a4,1
    1764:	8a85                	andi	a3,a3,1
    1766:	00d70c63          	beq	a4,a3,177e <cdc_peek+0x56>
    176a:	c0865683          	lhu	a3,-1016(a2)
    176e:	7771                	lui	a4,0xffffc
    1770:	fcf70713          	addi	a4,a4,-49 # ffffbfcf <_eusrstack+0xdfff6fcf>
    1774:	8f75                	and	a4,a4,a3
    1776:	668d                	lui	a3,0x3
    1778:	8f35                	xor	a4,a4,a3
    177a:	c0e61423          	sh	a4,-1016(a2)
    177e:	239c                	lbu	a5,0(a5)
    1780:	400066b7          	lui	a3,0x40006
    1784:	0ff7f793          	andi	a5,a5,255
    1788:	cba5                	beqz	a5,17f8 <cdc_peek+0xd0>
    178a:	3692                	lhu	a2,40(a3)
    178c:	88f1c783          	lbu	a5,-1905(gp) # 200000ef <ep2_t1_read_offset>
    1790:	0fe7f713          	andi	a4,a5,254
    1794:	9732                	add	a4,a4,a2
    1796:	0706                	slli	a4,a4,0x1
    1798:	9736                	add	a4,a4,a3
    179a:	231a                	lhu	a4,0(a4)
    179c:	8b85                	andi	a5,a5,1
    179e:	8778                	sh	a4,14(sp)
    17a0:	0818                	addi	a4,sp,16
    17a2:	97ba                	add	a5,a5,a4
    17a4:	ffe7c503          	lbu	a0,-2(a5)
    17a8:	0141                	addi	sp,sp,16
    17aa:	8082                	ret
    17ac:	2398                	lbu	a4,0(a5)
    17ae:	0ff77713          	andi	a4,a4,255
    17b2:	f771                	bnez	a4,177e <cdc_peek+0x56>
    17b4:	88d18713          	addi	a4,gp,-1907 # 200000ed <ep2_t0_zlp>
    17b8:	2314                	lbu	a3,0(a4)
    17ba:	0ff6f693          	andi	a3,a3,255
    17be:	d2e1                	beqz	a3,177e <cdc_peek+0x56>
    17c0:	00070023          	sb	zero,0(a4)
    17c4:	4705                	li	a4,1
    17c6:	a398                	sb	a4,0(a5)
    17c8:	40006637          	lui	a2,0x40006
    17cc:	c0865703          	lhu	a4,-1016(a2) # 40005c08 <_eusrstack+0x20000c08>
    17d0:	c0865683          	lhu	a3,-1016(a2)
    17d4:	8339                	srli	a4,a4,0xe
    17d6:	00174713          	xori	a4,a4,1
    17da:	8299                	srli	a3,a3,0x6
    17dc:	8b05                	andi	a4,a4,1
    17de:	8a85                	andi	a3,a3,1
    17e0:	f8d70fe3          	beq	a4,a3,177e <cdc_peek+0x56>
    17e4:	c0865683          	lhu	a3,-1016(a2)
    17e8:	7771                	lui	a4,0xffffc
    17ea:	fcf70713          	addi	a4,a4,-49 # ffffbfcf <_eusrstack+0xdfff6fcf>
    17ee:	8f75                	and	a4,a4,a3
    17f0:	668d                	lui	a3,0x3
    17f2:	04068693          	addi	a3,a3,64 # 3040 <_printf_common+0x7e>
    17f6:	b749                	j	1778 <cdc_peek+0x50>
    17f8:	3292                	lhu	a2,32(a3)
    17fa:	88c1c783          	lbu	a5,-1908(gp) # 200000ec <ep2_t0_read_offset>
    17fe:	bf49                	j	1790 <cdc_peek+0x68>

00001800 <cdc_read_bytes>:
    1800:	901fe2ef          	jal	t0,100 <__riscv_save_12>
    1804:	7cf1                	lui	s9,0xffffc
    1806:	690d                	lui	s2,0x3
    1808:	8c2a                	mv	s8,a0
    180a:	842e                	mv	s0,a1
    180c:	fcfc8c93          	addi	s9,s9,-49 # ffffbfcf <_eusrstack+0xdfff6fcf>
    1810:	04090913          	addi	s2,s2,64 # 3040 <_printf_common+0x7e>
    1814:	e019                	bnez	s0,181a <cdc_read_bytes+0x1a>
    1816:	927fe06f          	j	13c <__riscv_restore_12>
    181a:	88a18713          	addi	a4,gp,-1910 # 200000ea <ep2_read_select>
    181e:	231c                	lbu	a5,0(a4)
    1820:	88a18b13          	addi	s6,gp,-1910 # 200000ea <ep2_read_select>
    1824:	0ff7f793          	andi	a5,a5,255
    1828:	cbe9                	beqz	a5,18fa <cdc_read_bytes+0xfa>
    182a:	88e18793          	addi	a5,gp,-1906 # 200000ee <ep2_t1_num_bytes>
    182e:	88f1c503          	lbu	a0,-1905(gp) # 200000ef <ep2_t1_read_offset>
    1832:	239c                	lbu	a5,0(a5)
    1834:	88f18d13          	addi	s10,gp,-1905 # 200000ef <ep2_t1_read_offset>
    1838:	8f89                	sub	a5,a5,a0
    183a:	07c2                	slli	a5,a5,0x10
    183c:	83c1                	srli	a5,a5,0x10
    183e:	e3b1                	bnez	a5,1882 <cdc_read_bytes+0x82>
    1840:	89018793          	addi	a5,gp,-1904 # 200000f0 <ep2_t1_zlp>
    1844:	2394                	lbu	a3,0(a5)
    1846:	0ff6f693          	andi	a3,a3,255
    184a:	d6e9                	beqz	a3,1814 <cdc_read_bytes+0x14>
    184c:	00078023          	sb	zero,0(a5)
    1850:	00070023          	sb	zero,0(a4)
    1854:	400066b7          	lui	a3,0x40006
    1858:	c086d783          	lhu	a5,-1016(a3) # 40005c08 <_eusrstack+0x20000c08>
    185c:	c086d703          	lhu	a4,-1016(a3)
    1860:	83b9                	srli	a5,a5,0xe
    1862:	0017c793          	xori	a5,a5,1
    1866:	8319                	srli	a4,a4,0x6
    1868:	8b85                	andi	a5,a5,1
    186a:	8b05                	andi	a4,a4,1
    186c:	fae784e3          	beq	a5,a4,1814 <cdc_read_bytes+0x14>
    1870:	c086d783          	lhu	a5,-1016(a3)
    1874:	670d                	lui	a4,0x3
    1876:	00fcf7b3          	and	a5,s9,a5
    187a:	8fb9                	xor	a5,a5,a4
    187c:	c0f69423          	sh	a5,-1016(a3)
    1880:	bf51                	j	1814 <cdc_read_bytes+0x14>
    1882:	84a2                	mv	s1,s0
    1884:	0087f363          	bgeu	a5,s0,188a <cdc_read_bytes+0x8a>
    1888:	84be                	mv	s1,a5
    188a:	40006db7          	lui	s11,0x40006
    188e:	028dd783          	lhu	a5,40(s11) # 40006028 <_eusrstack+0x20001028>
    1892:	04c2                	slli	s1,s1,0x10
    1894:	80c1                	srli	s1,s1,0x10
    1896:	953e                	add	a0,a0,a5
    1898:	0542                	slli	a0,a0,0x10
    189a:	8626                	mv	a2,s1
    189c:	85e2                	mv	a1,s8
    189e:	8141                	srli	a0,a0,0x10
    18a0:	e46ff0ef          	jal	ra,ee6 <usbd_read_bytes_from_pma>
    18a4:	000d4783          	lbu	a5,0(s10)
    18a8:	8c05                	sub	s0,s0,s1
    18aa:	9c26                	add	s8,s8,s1
    18ac:	94be                	add	s1,s1,a5
    18ae:	88e18693          	addi	a3,gp,-1906 # 200000ee <ep2_t1_num_bytes>
    18b2:	229c                	lbu	a5,0(a3)
    18b4:	0ff4f493          	andi	s1,s1,255
    18b8:	0442                	slli	s0,s0,0x10
    18ba:	009d0023          	sb	s1,0(s10)
    18be:	8041                	srli	s0,s0,0x10
    18c0:	f4f49ae3          	bne	s1,a5,1814 <cdc_read_bytes+0x14>
    18c4:	00068023          	sb	zero,0(a3)
    18c8:	000d0023          	sb	zero,0(s10)
    18cc:	000b0023          	sb	zero,0(s6)
    18d0:	c08dd783          	lhu	a5,-1016(s11)
    18d4:	c08dd703          	lhu	a4,-1016(s11)
    18d8:	83b9                	srli	a5,a5,0xe
    18da:	0017c793          	xori	a5,a5,1
    18de:	8319                	srli	a4,a4,0x6
    18e0:	8b85                	andi	a5,a5,1
    18e2:	8b05                	andi	a4,a4,1
    18e4:	f2e788e3          	beq	a5,a4,1814 <cdc_read_bytes+0x14>
    18e8:	c08dd783          	lhu	a5,-1016(s11)
    18ec:	670d                	lui	a4,0x3
    18ee:	00fcf7b3          	and	a5,s9,a5
    18f2:	8fb9                	xor	a5,a5,a4
    18f4:	c0fd9423          	sh	a5,-1016(s11)
    18f8:	bf31                	j	1814 <cdc_read_bytes+0x14>
    18fa:	88b18793          	addi	a5,gp,-1909 # 200000eb <ep2_t0_num_bytes>
    18fe:	239c                	lbu	a5,0(a5)
    1900:	88c1c503          	lbu	a0,-1908(gp) # 200000ec <ep2_t0_read_offset>
    1904:	88c18d93          	addi	s11,gp,-1908 # 200000ec <ep2_t0_read_offset>
    1908:	8f89                	sub	a5,a5,a0
    190a:	07c2                	slli	a5,a5,0x10
    190c:	83c1                	srli	a5,a5,0x10
    190e:	e3a9                	bnez	a5,1950 <cdc_read_bytes+0x150>
    1910:	88d18693          	addi	a3,gp,-1907 # 200000ed <ep2_t0_zlp>
    1914:	229c                	lbu	a5,0(a3)
    1916:	0ff7f793          	andi	a5,a5,255
    191a:	ee078de3          	beqz	a5,1814 <cdc_read_bytes+0x14>
    191e:	00068023          	sb	zero,0(a3)
    1922:	4785                	li	a5,1
    1924:	a31c                	sb	a5,0(a4)
    1926:	400066b7          	lui	a3,0x40006
    192a:	c086d783          	lhu	a5,-1016(a3) # 40005c08 <_eusrstack+0x20000c08>
    192e:	c086d703          	lhu	a4,-1016(a3)
    1932:	83b9                	srli	a5,a5,0xe
    1934:	0017c793          	xori	a5,a5,1
    1938:	8319                	srli	a4,a4,0x6
    193a:	8b85                	andi	a5,a5,1
    193c:	8b05                	andi	a4,a4,1
    193e:	ece78be3          	beq	a5,a4,1814 <cdc_read_bytes+0x14>
    1942:	c086d783          	lhu	a5,-1016(a3)
    1946:	00fcf7b3          	and	a5,s9,a5
    194a:	0127c7b3          	xor	a5,a5,s2
    194e:	b73d                	j	187c <cdc_read_bytes+0x7c>
    1950:	84a2                	mv	s1,s0
    1952:	0087f363          	bgeu	a5,s0,1958 <cdc_read_bytes+0x158>
    1956:	84be                	mv	s1,a5
    1958:	40006d37          	lui	s10,0x40006
    195c:	020d5783          	lhu	a5,32(s10) # 40006020 <_eusrstack+0x20001020>
    1960:	04c2                	slli	s1,s1,0x10
    1962:	80c1                	srli	s1,s1,0x10
    1964:	953e                	add	a0,a0,a5
    1966:	0542                	slli	a0,a0,0x10
    1968:	8626                	mv	a2,s1
    196a:	85e2                	mv	a1,s8
    196c:	8141                	srli	a0,a0,0x10
    196e:	d78ff0ef          	jal	ra,ee6 <usbd_read_bytes_from_pma>
    1972:	000dc783          	lbu	a5,0(s11)
    1976:	8c05                	sub	s0,s0,s1
    1978:	9c26                	add	s8,s8,s1
    197a:	94be                	add	s1,s1,a5
    197c:	88b18693          	addi	a3,gp,-1909 # 200000eb <ep2_t0_num_bytes>
    1980:	229c                	lbu	a5,0(a3)
    1982:	0ff4f493          	andi	s1,s1,255
    1986:	0442                	slli	s0,s0,0x10
    1988:	009d8023          	sb	s1,0(s11)
    198c:	8041                	srli	s0,s0,0x10
    198e:	e8f493e3          	bne	s1,a5,1814 <cdc_read_bytes+0x14>
    1992:	00068023          	sb	zero,0(a3)
    1996:	4785                	li	a5,1
    1998:	000d8023          	sb	zero,0(s11)
    199c:	00fb0023          	sb	a5,0(s6)
    19a0:	c08d5783          	lhu	a5,-1016(s10)
    19a4:	c08d5703          	lhu	a4,-1016(s10)
    19a8:	83b9                	srli	a5,a5,0xe
    19aa:	0017c793          	xori	a5,a5,1
    19ae:	8319                	srli	a4,a4,0x6
    19b0:	8b85                	andi	a5,a5,1
    19b2:	8b05                	andi	a4,a4,1
    19b4:	e6e780e3          	beq	a5,a4,1814 <cdc_read_bytes+0x14>
    19b8:	c08d5783          	lhu	a5,-1016(s10)
    19bc:	00fcf7b3          	and	a5,s9,a5
    19c0:	0127c7b3          	xor	a5,a5,s2
    19c4:	c0fd1423          	sh	a5,-1016(s10)
    19c8:	b5b1                	j	1814 <cdc_read_bytes+0x14>

000019ca <cdc_write_bytes>:
    19ca:	f36fe2ef          	jal	t0,100 <__riscv_save_12>
    19ce:	89318793          	addi	a5,gp,-1901 # 200000f3 <ep3_wip>
    19d2:	4705                	li	a4,1
    19d4:	79f5                	lui	s3,0xffffd
    19d6:	7a65                	lui	s4,0xffff9
    19d8:	8daa                	mv	s11,a0
    19da:	842e                	mv	s0,a1
    19dc:	a398                	sb	a4,0(a5)
    19de:	89318913          	addi	s2,gp,-1901 # 200000f3 <ep3_wip>
    19e2:	04000b93          	li	s7,64
    19e6:	f8f98993          	addi	s3,s3,-113 # ffffcf8f <_eusrstack+0xdfff7f8f>
    19ea:	fbfa0a13          	addi	s4,s4,-65 # ffff8fbf <_eusrstack+0xdfff3fbf>
    19ee:	e409                	bnez	s0,19f8 <cdc_write_bytes+0x2e>
    19f0:	00090023          	sb	zero,0(s2)
    19f4:	f48fe06f          	j	13c <__riscv_restore_12>
    19f8:	89418793          	addi	a5,gp,-1900 # 200000f4 <ep3_write_select>
    19fc:	239c                	lbu	a5,0(a5)
    19fe:	89418c93          	addi	s9,gp,-1900 # 200000f4 <ep3_write_select>
    1a02:	0ff7f793          	andi	a5,a5,255
    1a06:	cfd5                	beqz	a5,1ac2 <cdc_write_bytes+0xf8>
    1a08:	89218793          	addi	a5,gp,-1902 # 200000f2 <ep3_t1_num_bytes>
    1a0c:	2384                	lbu	s1,0(a5)
    1a0e:	0ff4f493          	andi	s1,s1,255
    1a12:	01049513          	slli	a0,s1,0x10
    1a16:	8141                	srli	a0,a0,0x10
    1a18:	40ab87b3          	sub	a5,s7,a0
    1a1c:	07c2                	slli	a5,a5,0x10
    1a1e:	83c1                	srli	a5,a5,0x10
    1a20:	d7f9                	beqz	a5,19ee <cdc_write_bytes+0x24>
    1a22:	8622                	mv	a2,s0
    1a24:	0087f363          	bgeu	a5,s0,1a2a <cdc_write_bytes+0x60>
    1a28:	863e                	mv	a2,a5
    1a2a:	400067b7          	lui	a5,0x40006
    1a2e:	01061d13          	slli	s10,a2,0x10
    1a32:	3f92                	lhu	a2,56(a5)
    1a34:	010d5d13          	srli	s10,s10,0x10
    1a38:	85ee                	mv	a1,s11
    1a3a:	9532                	add	a0,a0,a2
    1a3c:	0542                	slli	a0,a0,0x10
    1a3e:	866a                	mv	a2,s10
    1a40:	8141                	srli	a0,a0,0x10
    1a42:	c14ff0ef          	jal	ra,e56 <usbd_write_bytes_to_pma>
    1a46:	01a48633          	add	a2,s1,s10
    1a4a:	89218693          	addi	a3,gp,-1902 # 200000f2 <ep3_t1_num_bytes>
    1a4e:	41a40433          	sub	s0,s0,s10
    1a52:	0ff67613          	andi	a2,a2,255
    1a56:	0442                	slli	s0,s0,0x10
    1a58:	a290                	sb	a2,0(a3)
    1a5a:	04000693          	li	a3,64
    1a5e:	8041                	srli	s0,s0,0x10
    1a60:	9dea                	add	s11,s11,s10
    1a62:	400067b7          	lui	a5,0x40006
    1a66:	f8d614e3          	bne	a2,a3,19ee <cdc_write_bytes+0x24>
    1a6a:	bfd2                	sh	a2,60(a5)
    1a6c:	000c8023          	sb	zero,0(s9)
    1a70:	c0c7d703          	lhu	a4,-1012(a5) # 40005c0c <_eusrstack+0x20000c0c>
    1a74:	01171693          	slli	a3,a4,0x11
    1a78:	0006d763          	bgez	a3,1a86 <cdc_write_bytes+0xbc>
    1a7c:	c0c7d783          	lhu	a5,-1012(a5)
    1a80:	0407f793          	andi	a5,a5,64
    1a84:	ef91                	bnez	a5,1aa0 <cdc_write_bytes+0xd6>
    1a86:	400067b7          	lui	a5,0x40006
    1a8a:	c0c7d703          	lhu	a4,-1012(a5) # 40005c0c <_eusrstack+0x20000c0c>
    1a8e:	01171693          	slli	a3,a4,0x11
    1a92:	f406cee3          	bltz	a3,19ee <cdc_write_bytes+0x24>
    1a96:	c0c7d783          	lhu	a5,-1012(a5)
    1a9a:	0407f793          	andi	a5,a5,64
    1a9e:	fba1                	bnez	a5,19ee <cdc_write_bytes+0x24>
    1aa0:	40006737          	lui	a4,0x40006
    1aa4:	c0c75783          	lhu	a5,-1012(a4) # 40005c0c <_eusrstack+0x20000c0c>
    1aa8:	00f9f7b3          	and	a5,s3,a5
    1aac:	c0f71623          	sh	a5,-1012(a4)
    1ab0:	c0c75783          	lhu	a5,-1012(a4)
    1ab4:	00fa77b3          	and	a5,s4,a5
    1ab8:	0307c793          	xori	a5,a5,48
    1abc:	c0f71623          	sh	a5,-1012(a4)
    1ac0:	b73d                	j	19ee <cdc_write_bytes+0x24>
    1ac2:	89118793          	addi	a5,gp,-1903 # 200000f1 <ep3_t0_num_bytes>
    1ac6:	2384                	lbu	s1,0(a5)
    1ac8:	0ff4f493          	andi	s1,s1,255
    1acc:	01049513          	slli	a0,s1,0x10
    1ad0:	8141                	srli	a0,a0,0x10
    1ad2:	40ab87b3          	sub	a5,s7,a0
    1ad6:	07c2                	slli	a5,a5,0x10
    1ad8:	83c1                	srli	a5,a5,0x10
    1ada:	db91                	beqz	a5,19ee <cdc_write_bytes+0x24>
    1adc:	8622                	mv	a2,s0
    1ade:	0087f363          	bgeu	a5,s0,1ae4 <cdc_write_bytes+0x11a>
    1ae2:	863e                	mv	a2,a5
    1ae4:	400067b7          	lui	a5,0x40006
    1ae8:	01061d13          	slli	s10,a2,0x10
    1aec:	3b92                	lhu	a2,48(a5)
    1aee:	010d5d13          	srli	s10,s10,0x10
    1af2:	85ee                	mv	a1,s11
    1af4:	9532                	add	a0,a0,a2
    1af6:	0542                	slli	a0,a0,0x10
    1af8:	866a                	mv	a2,s10
    1afa:	8141                	srli	a0,a0,0x10
    1afc:	b5aff0ef          	jal	ra,e56 <usbd_write_bytes_to_pma>
    1b00:	01a48633          	add	a2,s1,s10
    1b04:	89118693          	addi	a3,gp,-1903 # 200000f1 <ep3_t0_num_bytes>
    1b08:	41a40433          	sub	s0,s0,s10
    1b0c:	0ff67613          	andi	a2,a2,255
    1b10:	0442                	slli	s0,s0,0x10
    1b12:	a290                	sb	a2,0(a3)
    1b14:	40006737          	lui	a4,0x40006
    1b18:	04000693          	li	a3,64
    1b1c:	8041                	srli	s0,s0,0x10
    1b1e:	9dea                	add	s11,s11,s10
    1b20:	400067b7          	lui	a5,0x40006
    1b24:	03070713          	addi	a4,a4,48 # 40006030 <_eusrstack+0x20001030>
    1b28:	ecd613e3          	bne	a2,a3,19ee <cdc_write_bytes+0x24>
    1b2c:	a352                	sh	a2,4(a4)
    1b2e:	4705                	li	a4,1
    1b30:	00ec8023          	sb	a4,0(s9)
    1b34:	c0c7d703          	lhu	a4,-1012(a5) # 40005c0c <_eusrstack+0x20000c0c>
    1b38:	01171693          	slli	a3,a4,0x11
    1b3c:	0006d763          	bgez	a3,1b4a <cdc_write_bytes+0x180>
    1b40:	c0c7d783          	lhu	a5,-1012(a5)
    1b44:	0407f793          	andi	a5,a5,64
    1b48:	ef99                	bnez	a5,1b66 <cdc_write_bytes+0x19c>
    1b4a:	400067b7          	lui	a5,0x40006
    1b4e:	c0c7d703          	lhu	a4,-1012(a5) # 40005c0c <_eusrstack+0x20000c0c>
    1b52:	01171693          	slli	a3,a4,0x11
    1b56:	e806cce3          	bltz	a3,19ee <cdc_write_bytes+0x24>
    1b5a:	c0c7d783          	lhu	a5,-1012(a5)
    1b5e:	0407f793          	andi	a5,a5,64
    1b62:	e80796e3          	bnez	a5,19ee <cdc_write_bytes+0x24>
    1b66:	40006737          	lui	a4,0x40006
    1b6a:	c0c75783          	lhu	a5,-1012(a4) # 40005c0c <_eusrstack+0x20000c0c>
    1b6e:	6691                	lui	a3,0x4
    1b70:	00f9f7b3          	and	a5,s3,a5
    1b74:	8fb5                	xor	a5,a5,a3
    1b76:	bf1d                	j	1aac <cdc_write_bytes+0xe2>

00001b78 <crc8_calc_lsb_first>:
    1b78:	80c18e03          	lb	t3,-2036(gp) # 2000006c <crc8_poly>
    1b7c:	4781                	li	a5,0
    1b7e:	00b7e363          	bltu	a5,a1,1b84 <crc8_calc_lsb_first+0xc>
    1b82:	8082                	ret
    1b84:	00f50733          	add	a4,a0,a5
    1b88:	00074803          	lbu	a6,0(a4)
    1b8c:	8951c703          	lbu	a4,-1899(gp) # 200000f5 <crc8_lfsr>
    1b90:	46a1                	li	a3,8
    1b92:	89518e93          	addi	t4,gp,-1899 # 200000f5 <crc8_lfsr>
    1b96:	00775f13          	srli	t5,a4,0x7
    1b9a:	00171613          	slli	a2,a4,0x1
    1b9e:	00187893          	andi	a7,a6,1
    1ba2:	0ff67713          	andi	a4,a2,255
    1ba6:	011f0663          	beq	t5,a7,1bb2 <crc8_calc_lsb_first+0x3a>
    1baa:	00ce4733          	xor	a4,t3,a2
    1bae:	0ff77713          	andi	a4,a4,255
    1bb2:	16fd                	addi	a3,a3,-1
    1bb4:	0ff6f693          	andi	a3,a3,255
    1bb8:	00185813          	srli	a6,a6,0x1
    1bbc:	fee9                	bnez	a3,1b96 <crc8_calc_lsb_first+0x1e>
    1bbe:	0785                	addi	a5,a5,1
    1bc0:	00ee8023          	sb	a4,0(t4) # 40006000 <_eusrstack+0x20001000>
    1bc4:	0ff7f793          	andi	a5,a5,255
    1bc8:	bf5d                	j	1b7e <crc8_calc_lsb_first+0x6>

00001bca <tm10_write_baud_rate>:
    1bca:	d66fe2ef          	jal	t0,130 <__riscv_save_0>
    1bce:	85aa                	mv	a1,a0
    1bd0:	80a1a423          	sw	a0,-2040(gp) # 20000068 <baud_rate>
    1bd4:	40014537          	lui	a0,0x40014
    1bd8:	80050513          	addi	a0,a0,-2048 # 40013800 <_eusrstack+0x2000e800>
    1bdc:	b4bfe0ef          	jal	ra,726 <uart_dma_init>
    1be0:	d74fe06f          	j	154 <__riscv_restore_0>

00001be4 <tm10_write_option_flags>:
    1be4:	88a1ac23          	sw	a0,-1896(gp) # 200000f8 <option_flags>
    1be8:	00157713          	andi	a4,a0,1
    1bec:	400117b7          	lui	a5,0x40011
    1bf0:	0ff57693          	andi	a3,a0,255
    1bf4:	80078793          	addi	a5,a5,-2048 # 40010800 <_eusrstack+0x2000b800>
    1bf8:	c721                	beqz	a4,1c40 <tm10_write_option_flags+0x5c>
    1bfa:	47d8                	lw	a4,12(a5)
    1bfc:	08076713          	ori	a4,a4,128
    1c00:	400117b7          	lui	a5,0x40011
    1c04:	80078793          	addi	a5,a5,-2048 # 40010800 <_eusrstack+0x2000b800>
    1c08:	c7d8                	sw	a4,12(a5)
    1c0a:	0026f713          	andi	a4,a3,2
    1c0e:	cf0d                	beqz	a4,1c48 <tm10_write_option_flags+0x64>
    1c10:	47d8                	lw	a4,12(a5)
    1c12:	10076713          	ori	a4,a4,256
    1c16:	c7d8                	sw	a4,12(a5)
    1c18:	4799                	li	a5,6
    1c1a:	80d18713          	addi	a4,gp,-2035 # 2000006d <read_res_len>
    1c1e:	4695                	li	a3,5
    1c20:	a31c                	sb	a5,0(a4)
    1c22:	80d18723          	sb	a3,-2034(gp) # 2000006e <rtmi_res_len>
    1c26:	01057693          	andi	a3,a0,16
    1c2a:	80e18793          	addi	a5,gp,-2034 # 2000006e <rtmi_res_len>
    1c2e:	c299                	beqz	a3,1c34 <tm10_write_option_flags+0x50>
    1c30:	469d                	li	a3,7
    1c32:	a314                	sb	a3,0(a4)
    1c34:	02057513          	andi	a0,a0,32
    1c38:	c119                	beqz	a0,1c3e <tm10_write_option_flags+0x5a>
    1c3a:	4719                	li	a4,6
    1c3c:	a398                	sb	a4,0(a5)
    1c3e:	8082                	ret
    1c40:	47d8                	lw	a4,12(a5)
    1c42:	f7f77713          	andi	a4,a4,-129
    1c46:	bf6d                	j	1c00 <tm10_write_option_flags+0x1c>
    1c48:	47d8                	lw	a4,12(a5)
    1c4a:	eff77713          	andi	a4,a4,-257
    1c4e:	b7e1                	j	1c16 <tm10_write_option_flags+0x32>

00001c50 <tm10_read_option_flags>:
    1c50:	8981a783          	lw	a5,-1896(gp) # 200000f8 <option_flags>
    1c54:	1141                	addi	sp,sp,-16
    1c56:	40011737          	lui	a4,0x40011
    1c5a:	ffc7f693          	andi	a3,a5,-4
    1c5e:	c636                	sw	a3,12(sp)
    1c60:	80872783          	lw	a5,-2040(a4) # 40010808 <_eusrstack+0x2000b808>
    1c64:	80070713          	addi	a4,a4,-2048
    1c68:	4718                	lw	a4,8(a4)
    1c6a:	839d                	srli	a5,a5,0x7
    1c6c:	8b85                	andi	a5,a5,1
    1c6e:	10077713          	andi	a4,a4,256
    1c72:	00e03733          	snez	a4,a4
    1c76:	8fd5                	or	a5,a5,a3
    1c78:	0706                	slli	a4,a4,0x1
    1c7a:	8fd9                	or	a5,a5,a4
    1c7c:	865c                	sb	a5,12(sp)
    1c7e:	4532                	lw	a0,12(sp)
    1c80:	0141                	addi	sp,sp,16
    1c82:	8082                	ret

00001c84 <tm10_write_reg_spi>:
    1c84:	c92fe2ef          	jal	t0,116 <__riscv_save_4>
    1c88:	40011437          	lui	s0,0x40011
    1c8c:	6921                	lui	s2,0x8
    1c8e:	84ae                	mv	s1,a1
    1c90:	81242a23          	sw	s2,-2028(s0) # 40010814 <_eusrstack+0x2000b814>
    1c94:	89aa                	mv	s3,a0
    1c96:	00855593          	srli	a1,a0,0x8
    1c9a:	40013537          	lui	a0,0x40013
    1c9e:	9bffe0ef          	jal	ra,65c <spi_transfer>
    1ca2:	0ff9f593          	andi	a1,s3,255
    1ca6:	40013537          	lui	a0,0x40013
    1caa:	9b3fe0ef          	jal	ra,65c <spi_transfer>
    1cae:	0184d593          	srli	a1,s1,0x18
    1cb2:	40013537          	lui	a0,0x40013
    1cb6:	9a7fe0ef          	jal	ra,65c <spi_transfer>
    1cba:	0104d593          	srli	a1,s1,0x10
    1cbe:	0ff5f593          	andi	a1,a1,255
    1cc2:	40013537          	lui	a0,0x40013
    1cc6:	997fe0ef          	jal	ra,65c <spi_transfer>
    1cca:	0084d593          	srli	a1,s1,0x8
    1cce:	0ff5f593          	andi	a1,a1,255
    1cd2:	40013537          	lui	a0,0x40013
    1cd6:	987fe0ef          	jal	ra,65c <spi_transfer>
    1cda:	0ff4f593          	andi	a1,s1,255
    1cde:	40013537          	lui	a0,0x40013
    1ce2:	97bfe0ef          	jal	ra,65c <spi_transfer>
    1ce6:	80040413          	addi	s0,s0,-2048
    1cea:	01242823          	sw	s2,16(s0)
    1cee:	c5cfe06f          	j	14a <__riscv_restore_4>

00001cf2 <tm10_read_reg_spi>:
    1cf2:	c24fe2ef          	jal	t0,116 <__riscv_save_4>
    1cf6:	40011437          	lui	s0,0x40011
    1cfa:	6921                	lui	s2,0x8
    1cfc:	00855993          	srli	s3,a0,0x8
    1d00:	1141                	addi	sp,sp,-16
    1d02:	81242a23          	sw	s2,-2028(s0) # 40010814 <_eusrstack+0x2000b814>
    1d06:	85ce                	mv	a1,s3
    1d08:	84aa                	mv	s1,a0
    1d0a:	40013537          	lui	a0,0x40013
    1d0e:	94ffe0ef          	jal	ra,65c <spi_transfer>
    1d12:	0ff4f493          	andi	s1,s1,255
    1d16:	85a6                	mv	a1,s1
    1d18:	40013537          	lui	a0,0x40013
    1d1c:	941fe0ef          	jal	ra,65c <spi_transfer>
    1d20:	4581                	li	a1,0
    1d22:	40013537          	lui	a0,0x40013
    1d26:	937fe0ef          	jal	ra,65c <spi_transfer>
    1d2a:	4581                	li	a1,0
    1d2c:	40013537          	lui	a0,0x40013
    1d30:	92dfe0ef          	jal	ra,65c <spi_transfer>
    1d34:	4581                	li	a1,0
    1d36:	40013537          	lui	a0,0x40013
    1d3a:	923fe0ef          	jal	ra,65c <spi_transfer>
    1d3e:	4581                	li	a1,0
    1d40:	40013537          	lui	a0,0x40013
    1d44:	919fe0ef          	jal	ra,65c <spi_transfer>
    1d48:	4505                	li	a0,1
    1d4a:	81242823          	sw	s2,-2032(s0)
    1d4e:	ce6fe0ef          	jal	ra,234 <core_delay_us>
    1d52:	85ce                	mv	a1,s3
    1d54:	81242a23          	sw	s2,-2028(s0)
    1d58:	40013537          	lui	a0,0x40013
    1d5c:	901fe0ef          	jal	ra,65c <spi_transfer>
    1d60:	85a6                	mv	a1,s1
    1d62:	40013537          	lui	a0,0x40013
    1d66:	8f7fe0ef          	jal	ra,65c <spi_transfer>
    1d6a:	4581                	li	a1,0
    1d6c:	40013537          	lui	a0,0x40013
    1d70:	8edfe0ef          	jal	ra,65c <spi_transfer>
    1d74:	87c8                	sb	a0,15(sp)
    1d76:	4581                	li	a1,0
    1d78:	40013537          	lui	a0,0x40013
    1d7c:	8e1fe0ef          	jal	ra,65c <spi_transfer>
    1d80:	8748                	sb	a0,14(sp)
    1d82:	4581                	li	a1,0
    1d84:	40013537          	lui	a0,0x40013
    1d88:	8d5fe0ef          	jal	ra,65c <spi_transfer>
    1d8c:	86c8                	sb	a0,13(sp)
    1d8e:	4581                	li	a1,0
    1d90:	40013537          	lui	a0,0x40013
    1d94:	8c9fe0ef          	jal	ra,65c <spi_transfer>
    1d98:	8648                	sb	a0,12(sp)
    1d9a:	81242823          	sw	s2,-2032(s0)
    1d9e:	4532                	lw	a0,12(sp)
    1da0:	80040413          	addi	s0,s0,-2048
    1da4:	0141                	addi	sp,sp,16
    1da6:	ba4fe06f          	j	14a <__riscv_restore_4>

00001daa <tm10_write_request_uart>:
    1daa:	b86fe2ef          	jal	t0,130 <__riscv_save_0>
    1dae:	00455793          	srli	a5,a0,0x4
    1db2:	0307f793          	andi	a5,a5,48
    1db6:	1141                	addi	sp,sp,-16
    1db8:	04a7e793          	ori	a5,a5,74
    1dbc:	845c                	sb	a5,8(sp)
    1dbe:	0185d793          	srli	a5,a1,0x18
    1dc2:	855c                	sb	a5,10(sp)
    1dc4:	0105d793          	srli	a5,a1,0x10
    1dc8:	85dc                	sb	a5,11(sp)
    1dca:	00859793          	slli	a5,a1,0x8
    1dce:	05c2                	slli	a1,a1,0x10
    1dd0:	81c1                	srli	a1,a1,0x10
    1dd2:	81a1                	srli	a1,a1,0x8
    1dd4:	8ddd                	or	a1,a1,a5
    1dd6:	8981a783          	lw	a5,-1896(gp) # 200000f8 <option_flags>
    1dda:	84c8                	sb	a0,9(sp)
    1ddc:	866c                	sh	a1,12(sp)
    1dde:	8bc1                	andi	a5,a5,16
    1de0:	4619                	li	a2,6
    1de2:	cb99                	beqz	a5,1df8 <tm10_write_request_uart+0x4e>
    1de4:	89518413          	addi	s0,gp,-1899 # 200000f5 <crc8_lfsr>
    1de8:	4599                	li	a1,6
    1dea:	0028                	addi	a0,sp,8
    1dec:	00040023          	sb	zero,0(s0)
    1df0:	3361                	jal	1b78 <crc8_calc_lsb_first>
    1df2:	201c                	lbu	a5,0(s0)
    1df4:	461d                	li	a2,7
    1df6:	875c                	sb	a5,14(sp)
    1df8:	002c                	addi	a1,sp,8
    1dfa:	8a818513          	addi	a0,gp,-1880 # 20000108 <uart_dma_1_i>
    1dfe:	b35fe0ef          	jal	ra,932 <uart_dma_write_bytes>
    1e02:	0141                	addi	sp,sp,16
    1e04:	b50fe06f          	j	154 <__riscv_restore_0>

00001e08 <tm10_read_request_uart>:
    1e08:	b28fe2ef          	jal	t0,130 <__riscv_save_0>
    1e0c:	00455793          	srli	a5,a0,0x4
    1e10:	0307f793          	andi	a5,a5,48
    1e14:	1141                	addi	sp,sp,-16
    1e16:	0427e793          	ori	a5,a5,66
    1e1a:	865c                	sb	a5,12(sp)
    1e1c:	8981a783          	lw	a5,-1896(gp) # 200000f8 <option_flags>
    1e20:	86c8                	sb	a0,13(sp)
    1e22:	8bc1                	andi	a5,a5,16
    1e24:	4609                	li	a2,2
    1e26:	cb99                	beqz	a5,1e3c <tm10_read_request_uart+0x34>
    1e28:	89518413          	addi	s0,gp,-1899 # 200000f5 <crc8_lfsr>
    1e2c:	4589                	li	a1,2
    1e2e:	0068                	addi	a0,sp,12
    1e30:	00040023          	sb	zero,0(s0)
    1e34:	3391                	jal	1b78 <crc8_calc_lsb_first>
    1e36:	201c                	lbu	a5,0(s0)
    1e38:	460d                	li	a2,3
    1e3a:	875c                	sb	a5,14(sp)
    1e3c:	006c                	addi	a1,sp,12
    1e3e:	8a818513          	addi	a0,gp,-1880 # 20000108 <uart_dma_1_i>
    1e42:	af1fe0ef          	jal	ra,932 <uart_dma_write_bytes>
    1e46:	0141                	addi	sp,sp,16
    1e48:	b0cfe06f          	j	154 <__riscv_restore_0>

00001e4c <tm10_handle_rtmi_response>:
    1e4c:	ae4fe2ef          	jal	t0,130 <__riscv_save_0>
    1e50:	89818413          	addi	s0,gp,-1896 # 200000f8 <option_flags>
    1e54:	401c                	lw	a5,0(s0)
    1e56:	1141                	addi	sp,sp,-16
    1e58:	0207f793          	andi	a5,a5,32
    1e5c:	cbb1                	beqz	a5,1eb0 <tm10_handle_rtmi_response+0x64>
    1e5e:	4619                	li	a2,6
    1e60:	002c                	addi	a1,sp,8
    1e62:	8a818513          	addi	a0,gp,-1880 # 20000108 <uart_dma_1_i>
    1e66:	a25fe0ef          	jal	ra,88a <uart_dma_read_bytes>
    1e6a:	89518493          	addi	s1,gp,-1899 # 200000f5 <crc8_lfsr>
    1e6e:	4595                	li	a1,5
    1e70:	0028                	addi	a0,sp,8
    1e72:	00048023          	sb	zero,0(s1)
    1e76:	3309                	jal	1b78 <crc8_calc_lsb_first>
    1e78:	401c                	lw	a5,0(s0)
    1e7a:	8694                	lbu	a3,13(sp)
    1e7c:	2098                	lbu	a4,0(s1)
    1e7e:	f7f7f793          	andi	a5,a5,-129
    1e82:	c01c                	sw	a5,0(s0)
    1e84:	00e69563          	bne	a3,a4,1e8e <tm10_handle_rtmi_response+0x42>
    1e88:	0807e793          	ori	a5,a5,128
    1e8c:	c01c                	sw	a5,0(s0)
    1e8e:	841c                	lbu	a5,8(sp)
    1e90:	8385                	srli	a5,a5,0x1
    1e92:	8b9d                	andi	a5,a5,7
    1e94:	88f18e23          	sb	a5,-1892(gp) # 200000fc <rtmi_channel_id>
    1e98:	849c                	lbu	a5,9(sp)
    1e9a:	83dc                	sb	a5,7(sp)
    1e9c:	851c                	lbu	a5,10(sp)
    1e9e:	835c                	sb	a5,6(sp)
    1ea0:	859c                	lbu	a5,11(sp)
    1ea2:	82dc                	sb	a5,5(sp)
    1ea4:	861c                	lbu	a5,12(sp)
    1ea6:	825c                	sb	a5,4(sp)
    1ea8:	4512                	lw	a0,4(sp)
    1eaa:	0141                	addi	sp,sp,16
    1eac:	aa8fe06f          	j	154 <__riscv_restore_0>
    1eb0:	4615                	li	a2,5
    1eb2:	002c                	addi	a1,sp,8
    1eb4:	8a818513          	addi	a0,gp,-1880 # 20000108 <uart_dma_1_i>
    1eb8:	9d3fe0ef          	jal	ra,88a <uart_dma_read_bytes>
    1ebc:	bfc9                	j	1e8e <tm10_handle_rtmi_response+0x42>

00001ebe <tm10_handle_read_response>:
    1ebe:	a72fe2ef          	jal	t0,130 <__riscv_save_0>
    1ec2:	89818413          	addi	s0,gp,-1896 # 200000f8 <option_flags>
    1ec6:	401c                	lw	a5,0(s0)
    1ec8:	1141                	addi	sp,sp,-16
    1eca:	8bc1                	andi	a5,a5,16
    1ecc:	cba9                	beqz	a5,1f1e <tm10_handle_read_response+0x60>
    1ece:	461d                	li	a2,7
    1ed0:	002c                	addi	a1,sp,8
    1ed2:	8a818513          	addi	a0,gp,-1880 # 20000108 <uart_dma_1_i>
    1ed6:	9b5fe0ef          	jal	ra,88a <uart_dma_read_bytes>
    1eda:	89518493          	addi	s1,gp,-1899 # 200000f5 <crc8_lfsr>
    1ede:	4599                	li	a1,6
    1ee0:	0028                	addi	a0,sp,8
    1ee2:	00048023          	sb	zero,0(s1)
    1ee6:	3949                	jal	1b78 <crc8_calc_lsb_first>
    1ee8:	401c                	lw	a5,0(s0)
    1eea:	8714                	lbu	a3,14(sp)
    1eec:	2098                	lbu	a4,0(s1)
    1eee:	fbf7f793          	andi	a5,a5,-65
    1ef2:	c01c                	sw	a5,0(s0)
    1ef4:	00e69563          	bne	a3,a4,1efe <tm10_handle_read_response+0x40>
    1ef8:	0407e793          	ori	a5,a5,64
    1efc:	c01c                	sw	a5,0(s0)
    1efe:	853c                	lhu	a5,10(sp)
    1f00:	00879713          	slli	a4,a5,0x8
    1f04:	83a1                	srli	a5,a5,0x8
    1f06:	8fd9                	or	a5,a5,a4
    1f08:	837c                	sh	a5,6(sp)
    1f0a:	863c                	lhu	a5,12(sp)
    1f0c:	00879713          	slli	a4,a5,0x8
    1f10:	83a1                	srli	a5,a5,0x8
    1f12:	8fd9                	or	a5,a5,a4
    1f14:	827c                	sh	a5,4(sp)
    1f16:	4512                	lw	a0,4(sp)
    1f18:	0141                	addi	sp,sp,16
    1f1a:	a3afe06f          	j	154 <__riscv_restore_0>
    1f1e:	4619                	li	a2,6
    1f20:	002c                	addi	a1,sp,8
    1f22:	8a818513          	addi	a0,gp,-1880 # 20000108 <uart_dma_1_i>
    1f26:	965fe0ef          	jal	ra,88a <uart_dma_read_bytes>
    1f2a:	bfd1                	j	1efe <tm10_handle_read_response+0x40>

00001f2c <main>:
    1f2c:	9d4fe2ef          	jal	t0,100 <__riscv_save_12>
    1f30:	400217b7          	lui	a5,0x40021
    1f34:	4f98                	lw	a4,24(a5)
    1f36:	6699                	lui	a3,0x6
    1f38:	81d68693          	addi	a3,a3,-2019 # 581d <_data_lma+0x1fe1>
    1f3c:	8f55                	or	a4,a4,a3
    1f3e:	cf98                	sw	a4,24(a5)
    1f40:	4fd8                	lw	a4,28(a5)
    1f42:	008206b7          	lui	a3,0x820
    1f46:	0685                	addi	a3,a3,1
    1f48:	8f55                	or	a4,a4,a3
    1f4a:	cfd8                	sw	a4,28(a5)
    1f4c:	4bd8                	lw	a4,20(a5)
    1f4e:	40011437          	lui	s0,0x40011
    1f52:	6621                	lui	a2,0x8
    1f54:	00176713          	ori	a4,a4,1
    1f58:	1141                	addi	sp,sp,-16
    1f5a:	cbd8                	sw	a4,20(a5)
    1f5c:	18060613          	addi	a2,a2,384 # 8180 <_data_lma+0x4944>
    1f60:	458d                	li	a1,3
    1f62:	80040513          	addi	a0,s0,-2048 # 40010800 <_eusrstack+0x2000b800>
    1f66:	c44fe0ef          	jal	ra,3aa <gpio_set_mode>
    1f6a:	06800613          	li	a2,104
    1f6e:	45ad                	li	a1,11
    1f70:	c0040513          	addi	a0,s0,-1024
    1f74:	c36fe0ef          	jal	ra,3aa <gpio_set_mode>
    1f78:	09000613          	li	a2,144
    1f7c:	45a1                	li	a1,8
    1f7e:	c0040513          	addi	a0,s0,-1024
    1f82:	c28fe0ef          	jal	ra,3aa <gpio_set_mode>
    1f86:	09000793          	li	a5,144
    1f8a:	40010737          	lui	a4,0x40010
    1f8e:	c0f42823          	sw	a5,-1008(s0)
    1f92:	435c                	lw	a5,4(a4)
    1f94:	0047e793          	ori	a5,a5,4
    1f98:	c35c                	sw	a5,4(a4)
    1f9a:	bb4fe0ef          	jal	ra,34e <dma_init>
    1f9e:	8081a583          	lw	a1,-2040(gp) # 20000068 <baud_rate>
    1fa2:	40014537          	lui	a0,0x40014
    1fa6:	80050513          	addi	a0,a0,-2048 # 40013800 <_eusrstack+0x2000e800>
    1faa:	f7cfe0ef          	jal	ra,726 <uart_dma_init>
    1fae:	efcff0ef          	jal	ra,16aa <cdc_init>
    1fb2:	450d                	li	a0,3
    1fb4:	eb2ff0ef          	jal	ra,1666 <cdc_set_serial_state>
    1fb8:	8721c483          	lbu	s1,-1934(gp) # 200000d2 <cdc_control_line_state>
    1fbc:	80818993          	addi	s3,gp,-2040 # 20000068 <baud_rate>
    1fc0:	0ff4f493          	andi	s1,s1,255
    1fc4:	8711c783          	lbu	a5,-1935(gp) # 200000d1 <cdc_config>
    1fc8:	0ff7f793          	andi	a5,a5,255
    1fcc:	dfe5                	beqz	a5,1fc4 <main+0x98>
    1fce:	00003537          	lui	a0,0x3
    1fd2:	6f450513          	addi	a0,a0,1780 # 36f4 <usbd_config+0x48>
    1fd6:	230d                	jal	24f8 <puts>
    1fd8:	d64fe0ef          	jal	ra,53c <rcc_compute_sysclk_freq>
    1fdc:	85aa                	mv	a1,a0
    1fde:	00003537          	lui	a0,0x3
    1fe2:	6fc50513          	addi	a0,a0,1788 # 36fc <usbd_config+0x50>
    1fe6:	2efd                	jal	23e4 <iprintf>
    1fe8:	dc6fe0ef          	jal	ra,5ae <rcc_compute_hclk_freq>
    1fec:	85aa                	mv	a1,a0
    1fee:	00003537          	lui	a0,0x3
    1ff2:	70850513          	addi	a0,a0,1800 # 3708 <usbd_config+0x5c>
    1ff6:	26fd                	jal	23e4 <iprintf>
    1ff8:	de2fe0ef          	jal	ra,5da <rcc_compute_pclk1_freq>
    1ffc:	85aa                	mv	a1,a0
    1ffe:	00003537          	lui	a0,0x3
    2002:	71450513          	addi	a0,a0,1812 # 3714 <usbd_config+0x68>
    2006:	2ef9                	jal	23e4 <iprintf>
    2008:	df4fe0ef          	jal	ra,5fc <rcc_compute_pclk2_freq>
    200c:	85aa                	mv	a1,a0
    200e:	00003537          	lui	a0,0x3
    2012:	72050513          	addi	a0,a0,1824 # 3720 <usbd_config+0x74>
    2016:	26f9                	jal	23e4 <iprintf>
    2018:	e0afe0ef          	jal	ra,622 <rcc_compute_adcclk>
    201c:	85aa                	mv	a1,a0
    201e:	00003537          	lui	a0,0x3
    2022:	72c50513          	addi	a0,a0,1836 # 372c <usbd_config+0x80>
    2026:	2e7d                	jal	23e4 <iprintf>
    2028:	9e4fe0ef          	jal	ra,20c <core_delay_init>
    202c:	40011437          	lui	s0,0x40011
    2030:	4a11                	li	s4,4
    2032:	81442a23          	sw	s4,-2028(s0) # 40010814 <_eusrstack+0x2000b814>
    2036:	10000793          	li	a5,256
    203a:	80f42a23          	sw	a5,-2028(s0)
    203e:	4505                	li	a0,1
    2040:	a2afe0ef          	jal	ra,26a <core_delay_ms>
    2044:	45c5                	li	a1,17
    2046:	81442823          	sw	s4,-2032(s0)
    204a:	40013537          	lui	a0,0x40013
    204e:	decfe0ef          	jal	ra,63a <spi_init>
    2052:	40010737          	lui	a4,0x40010
    2056:	435c                	lw	a5,4(a4)
    2058:	0017e793          	ori	a5,a5,1
    205c:	c35c                	sw	a5,4(a4)
    205e:	67a1                	lui	a5,0x8
    2060:	80f42823          	sw	a5,-2032(s0)
    2064:	8a81a783          	lw	a5,-1880(gp) # 20000108 <uart_dma_1_i>
    2068:	8a818693          	addi	a3,gp,-1880 # 20000108 <uart_dma_1_i>
    206c:	22da                	lhu	a4,4(a3)
    206e:	43dc                	lw	a5,4(a5)
    2070:	26d6                	lhu	a3,12(a3)
    2072:	8a818a13          	addi	s4,gp,-1880 # 20000108 <uart_dma_1_i>
    2076:	07c2                	slli	a5,a5,0x10
    2078:	83c1                	srli	a5,a5,0x10
    207a:	40f707b3          	sub	a5,a4,a5
    207e:	8f95                	sub	a5,a5,a3
    2080:	177d                	addi	a4,a4,-1
    2082:	8ff9                	and	a5,a5,a4
    2084:	c791                	beqz	a5,2090 <main+0x164>
    2086:	00003537          	lui	a0,0x3
    208a:	73850513          	addi	a0,a0,1848 # 3738 <usbd_config+0x8c>
    208e:	21ad                	jal	24f8 <puts>
    2090:	e7cff0ef          	jal	ra,170c <cdc_bytes_available>
    2094:	c511                	beqz	a0,20a0 <main+0x174>
    2096:	00003537          	lui	a0,0x3
    209a:	76c50513          	addi	a0,a0,1900 # 376c <usbd_config+0xc0>
    209e:	29a9                	jal	24f8 <puts>
    20a0:	6c0d                	lui	s8,0x3
    20a2:	20001ab7          	lui	s5,0x20001
    20a6:	6e0c0c13          	addi	s8,s8,1760 # 36e0 <usbd_config+0x34>
    20aa:	258a8a93          	addi	s5,s5,600 # 20001258 <prev_rtmi_responses>
    20ae:	30315cb7          	lui	s9,0x30315
    20b2:	6b41                	lui	s6,0x10
    20b4:	d54c8c93          	addi	s9,s9,-684 # 30314d54 <_eusrstack+0x1030fd54>
    20b8:	1b7d                	addi	s6,s6,-1
    20ba:	e52ff0ef          	jal	ra,170c <cdc_bytes_available>
    20be:	4795                	li	a5,5
    20c0:	06a7ff63          	bgeu	a5,a0,213e <main+0x212>
    20c4:	e64ff0ef          	jal	ra,1728 <cdc_peek>
    20c8:	0562                	slli	a0,a0,0x18
    20ca:	8561                	srai	a0,a0,0x18
    20cc:	06055963          	bgez	a0,213e <main+0x212>
    20d0:	4599                	li	a1,6
    20d2:	0028                	addi	a0,sp,8
    20d4:	f2cff0ef          	jal	ra,1800 <cdc_read_bytes>
    20d8:	843c                	lhu	a5,8(sp)
    20da:	8414                	lbu	a3,8(sp)
    20dc:	8498                	lbu	a4,9(sp)
    20de:	00879613          	slli	a2,a5,0x8
    20e2:	83a1                	srli	a5,a5,0x8
    20e4:	8fd1                	or	a5,a5,a2
    20e6:	817c                	sh	a5,2(sp)
    20e8:	853c                	lhu	a5,10(sp)
    20ea:	00879613          	slli	a2,a5,0x8
    20ee:	83a1                	srli	a5,a5,0x8
    20f0:	8fd1                	or	a5,a5,a2
    20f2:	837c                	sh	a5,6(sp)
    20f4:	863c                	lhu	a5,12(sp)
    20f6:	00879613          	slli	a2,a5,0x8
    20fa:	83a1                	srli	a5,a5,0x8
    20fc:	8fd1                	or	a5,a5,a2
    20fe:	827c                	sh	a5,4(sp)
    2100:	0706f793          	andi	a5,a3,112
    2104:	c7c9                	beqz	a5,218e <main+0x262>
    2106:	0fc00793          	li	a5,252
    210a:	06f70e63          	beq	a4,a5,2186 <main+0x25a>
    210e:	0fd00793          	li	a5,253
    2112:	02f70363          	beq	a4,a5,2138 <main+0x20c>
    2116:	0fb00793          	li	a5,251
    211a:	02f71263          	bne	a4,a5,213e <main+0x212>
    211e:	822c                	lhu	a1,4(sp)
    2120:	40013537          	lui	a0,0x40013
    2124:	0015e593          	ori	a1,a1,1
    2128:	d12fe0ef          	jal	ra,63a <spi_init>
    212c:	4581                	li	a1,0
    212e:	40013537          	lui	a0,0x40013
    2132:	d2afe0ef          	jal	ra,65c <spi_transfer>
    2136:	a021                	j	213e <main+0x212>
    2138:	4512                	lw	a0,4(sp)
    213a:	aabff0ef          	jal	ra,1be4 <tm10_write_option_flags>
    213e:	dceff0ef          	jal	ra,170c <cdc_bytes_available>
    2142:	4785                	li	a5,1
    2144:	0aa7fc63          	bgeu	a5,a0,21fc <main+0x2d0>
    2148:	de0ff0ef          	jal	ra,1728 <cdc_peek>
    214c:	0562                	slli	a0,a0,0x18
    214e:	8561                	srai	a0,a0,0x18
    2150:	0a054663          	bltz	a0,21fc <main+0x2d0>
    2154:	4589                	li	a1,2
    2156:	0028                	addi	a0,sp,8
    2158:	ea8ff0ef          	jal	ra,1800 <cdc_read_bytes>
    215c:	8438                	lhu	a4,8(sp)
    215e:	8414                	lbu	a3,8(sp)
    2160:	849c                	lbu	a5,9(sp)
    2162:	00871613          	slli	a2,a4,0x8
    2166:	8321                	srli	a4,a4,0x8
    2168:	8f51                	or	a4,a4,a2
    216a:	8178                	sh	a4,2(sp)
    216c:	0706f713          	andi	a4,a3,112
    2170:	cf3d                	beqz	a4,21ee <main+0x2c2>
    2172:	0795                	addi	a5,a5,5
    2174:	0ff7f793          	andi	a5,a5,255
    2178:	4711                	li	a4,4
    217a:	06f76863          	bltu	a4,a5,21ea <main+0x2be>
    217e:	078a                	slli	a5,a5,0x2
    2180:	97e2                	add	a5,a5,s8
    2182:	439c                	lw	a5,0(a5)
    2184:	8782                	jr	a5
    2186:	4512                	lw	a0,4(sp)
    2188:	a43ff0ef          	jal	ra,1bca <tm10_write_baud_rate>
    218c:	bf4d                	j	213e <main+0x212>
    218e:	8981a783          	lw	a5,-1896(gp) # 200000f8 <option_flags>
    2192:	8128                	lhu	a0,2(sp)
    2194:	4592                	lw	a1,4(sp)
    2196:	8b91                	andi	a5,a5,4
    2198:	c399                	beqz	a5,219e <main+0x272>
    219a:	3901                	jal	1daa <tm10_write_request_uart>
    219c:	b74d                	j	213e <main+0x212>
    219e:	ae7ff0ef          	jal	ra,1c84 <tm10_write_reg_spi>
    21a2:	bf71                	j	213e <main+0x212>
    21a4:	c266                	sw	s9,4(sp)
    21a6:	57fd                	li	a5,-1
    21a8:	845c                	sb	a5,8(sp)
    21aa:	839c                	lbu	a5,7(sp)
    21ac:	84dc                	sb	a5,9(sp)
    21ae:	831c                	lbu	a5,6(sp)
    21b0:	855c                	sb	a5,10(sp)
    21b2:	829c                	lbu	a5,5(sp)
    21b4:	85dc                	sb	a5,11(sp)
    21b6:	821c                	lbu	a5,4(sp)
    21b8:	865c                	sb	a5,12(sp)
    21ba:	4595                	li	a1,5
    21bc:	0028                	addi	a0,sp,8
    21be:	80dff0ef          	jal	ra,19ca <cdc_write_bytes>
    21c2:	a82d                	j	21fc <main+0x2d0>
    21c4:	1ffff7b7          	lui	a5,0x1ffff
    21c8:	7e87a783          	lw	a5,2024(a5) # 1ffff7e8 <_data_lma+0x1fffbfac>
    21cc:	c23e                	sw	a5,4(sp)
    21ce:	bfe1                	j	21a6 <main+0x27a>
    21d0:	a81ff0ef          	jal	ra,1c50 <tm10_read_option_flags>
    21d4:	c22a                	sw	a0,4(sp)
    21d6:	bfc1                	j	21a6 <main+0x27a>
    21d8:	0009a783          	lw	a5,0(s3)
    21dc:	bfc5                	j	21cc <main+0x2a0>
    21de:	400137b7          	lui	a5,0x40013
    21e2:	239e                	lhu	a5,0(a5)
    21e4:	0387f793          	andi	a5,a5,56
    21e8:	b7d5                	j	21cc <main+0x2a0>
    21ea:	c202                	sw	zero,4(sp)
    21ec:	bf6d                	j	21a6 <main+0x27a>
    21ee:	8981a783          	lw	a5,-1896(gp) # 200000f8 <option_flags>
    21f2:	8128                	lhu	a0,2(sp)
    21f4:	8b91                	andi	a5,a5,4
    21f6:	0e078c63          	beqz	a5,22ee <main+0x3c2>
    21fa:	3139                	jal	1e08 <tm10_read_request_uart>
    21fc:	8a81a783          	lw	a5,-1880(gp) # 20000108 <uart_dma_1_i>
    2200:	004a5703          	lhu	a4,4(s4)
    2204:	00ca5683          	lhu	a3,12(s4)
    2208:	43dc                	lw	a5,4(a5)
    220a:	0167f7b3          	and	a5,a5,s6
    220e:	40f707b3          	sub	a5,a4,a5
    2212:	8f95                	sub	a5,a5,a3
    2214:	177d                	addi	a4,a4,-1
    2216:	8ff9                	and	a5,a5,a4
    2218:	80e1c703          	lbu	a4,-2034(gp) # 2000006e <rtmi_res_len>
    221c:	06e7c063          	blt	a5,a4,227c <main+0x350>
    2220:	8a818513          	addi	a0,gp,-1880 # 20000108 <uart_dma_1_i>
    2224:	e5cfe0ef          	jal	ra,880 <uart_dma_peek>
    2228:	8905                	andi	a0,a0,1
    222a:	c929                	beqz	a0,227c <main+0x350>
    222c:	3105                	jal	1e4c <tm10_handle_rtmi_response>
    222e:	8981a783          	lw	a5,-1896(gp) # 200000f8 <option_flags>
    2232:	c22a                	sw	a0,4(sp)
    2234:	8ba1                	andi	a5,a5,8
    2236:	8d2a                	mv	s10,a0
    2238:	89c18d93          	addi	s11,gp,-1892 # 200000fc <rtmi_channel_id>
    223c:	cb81                	beqz	a5,224c <main+0x320>
    223e:	000dc783          	lbu	a5,0(s11)
    2242:	078a                	slli	a5,a5,0x2
    2244:	97d6                	add	a5,a5,s5
    2246:	439c                	lw	a5,0(a5)
    2248:	02f50463          	beq	a0,a5,2270 <main+0x344>
    224c:	000dc783          	lbu	a5,0(s11)
    2250:	4595                	li	a1,5
    2252:	0028                	addi	a0,sp,8
    2254:	845c                	sb	a5,8(sp)
    2256:	018d5793          	srli	a5,s10,0x18
    225a:	84dc                	sb	a5,9(sp)
    225c:	010d5793          	srli	a5,s10,0x10
    2260:	855c                	sb	a5,10(sp)
    2262:	008d5793          	srli	a5,s10,0x8
    2266:	85dc                	sb	a5,11(sp)
    2268:	01a10623          	sb	s10,12(sp)
    226c:	f5eff0ef          	jal	ra,19ca <cdc_write_bytes>
    2270:	000dc783          	lbu	a5,0(s11)
    2274:	078a                	slli	a5,a5,0x2
    2276:	97d6                	add	a5,a5,s5
    2278:	01a7a023          	sw	s10,0(a5) # 40013000 <_eusrstack+0x2000e000>
    227c:	8a81a783          	lw	a5,-1880(gp) # 20000108 <uart_dma_1_i>
    2280:	004a5703          	lhu	a4,4(s4)
    2284:	00ca5683          	lhu	a3,12(s4)
    2288:	43dc                	lw	a5,4(a5)
    228a:	0167f7b3          	and	a5,a5,s6
    228e:	40f707b3          	sub	a5,a4,a5
    2292:	8f95                	sub	a5,a5,a3
    2294:	177d                	addi	a4,a4,-1
    2296:	8ff9                	and	a5,a5,a4
    2298:	80d1c703          	lbu	a4,-2035(gp) # 2000006d <read_res_len>
    229c:	02e7cb63          	blt	a5,a4,22d2 <main+0x3a6>
    22a0:	8a818513          	addi	a0,gp,-1880 # 20000108 <uart_dma_1_i>
    22a4:	ddcfe0ef          	jal	ra,880 <uart_dma_peek>
    22a8:	8905                	andi	a0,a0,1
    22aa:	e505                	bnez	a0,22d2 <main+0x3a6>
    22ac:	3909                	jal	1ebe <tm10_handle_read_response>
    22ae:	04000793          	li	a5,64
    22b2:	845c                	sb	a5,8(sp)
    22b4:	01855793          	srli	a5,a0,0x18
    22b8:	84dc                	sb	a5,9(sp)
    22ba:	01055793          	srli	a5,a0,0x10
    22be:	c22a                	sw	a0,4(sp)
    22c0:	855c                	sb	a5,10(sp)
    22c2:	8648                	sb	a0,12(sp)
    22c4:	00855793          	srli	a5,a0,0x8
    22c8:	4595                	li	a1,5
    22ca:	0028                	addi	a0,sp,8
    22cc:	85dc                	sb	a5,11(sp)
    22ce:	efcff0ef          	jal	ra,19ca <cdc_write_bytes>
    22d2:	8721c783          	lbu	a5,-1934(gp) # 200000d2 <cdc_control_line_state>
    22d6:	def482e3          	beq	s1,a5,20ba <main+0x18e>
    22da:	8721c503          	lbu	a0,-1934(gp) # 200000d2 <cdc_control_line_state>
    22de:	890d                	andi	a0,a0,3
    22e0:	b86ff0ef          	jal	ra,1666 <cdc_set_serial_state>
    22e4:	8721c483          	lbu	s1,-1934(gp) # 200000d2 <cdc_control_line_state>
    22e8:	0ff4f493          	andi	s1,s1,255
    22ec:	b3c9                	j	20ae <main+0x182>
    22ee:	a05ff0ef          	jal	ra,1cf2 <tm10_read_reg_spi>
    22f2:	f8000793          	li	a5,-128
    22f6:	845c                	sb	a5,8(sp)
    22f8:	01855793          	srli	a5,a0,0x18
    22fc:	84dc                	sb	a5,9(sp)
    22fe:	01055793          	srli	a5,a0,0x10
    2302:	855c                	sb	a5,10(sp)
    2304:	00855793          	srli	a5,a0,0x8
    2308:	c22a                	sw	a0,4(sp)
    230a:	85dc                	sb	a5,11(sp)
    230c:	8648                	sb	a0,12(sp)
    230e:	b575                	j	21ba <main+0x28e>

00002310 <ADC1_2_IRQHandler>:
    2310:	a001                	j	2310 <ADC1_2_IRQHandler>

00002312 <handle_reset>:
    2312:	1fffe197          	auipc	gp,0x1fffe
    2316:	54e18193          	addi	gp,gp,1358 # 20000860 <__global_pointer$>
    231a:	20003117          	auipc	sp,0x20003
    231e:	ce610113          	addi	sp,sp,-794 # 20005000 <_eusrstack>
    2322:	00001517          	auipc	a0,0x1
    2326:	51a50513          	addi	a0,a0,1306 # 383c <_data_lma>
    232a:	1fffe597          	auipc	a1,0x1fffe
    232e:	cd658593          	addi	a1,a1,-810 # 20000000 <_data_vma>
    2332:	82818613          	addi	a2,gp,-2008 # 20000088 <_edata>
    2336:	00c5fa63          	bgeu	a1,a2,234a <handle_reset+0x38>
    233a:	00052283          	lw	t0,0(a0)
    233e:	0055a023          	sw	t0,0(a1)
    2342:	0511                	addi	a0,a0,4
    2344:	0591                	addi	a1,a1,4
    2346:	fec5eae3          	bltu	a1,a2,233a <handle_reset+0x28>
    234a:	82818513          	addi	a0,gp,-2008 # 20000088 <_edata>
    234e:	1ffff597          	auipc	a1,0x1ffff
    2352:	f2e58593          	addi	a1,a1,-210 # 2000127c <_ebss>
    2356:	00b57763          	bgeu	a0,a1,2364 <handle_reset+0x52>
    235a:	00052023          	sw	zero,0(a0)
    235e:	0511                	addi	a0,a0,4
    2360:	feb56de3          	bltu	a0,a1,235a <handle_reset+0x48>
    2364:	42fd                	li	t0,31
    2366:	bc029073          	csrw	0xbc0,t0
    236a:	428d                	li	t0,3
    236c:	80429073          	csrw	0x804,t0
    2370:	08800293          	li	t0,136
    2374:	30029073          	csrw	mstatus,t0
    2378:	ffffe297          	auipc	t0,0xffffe
    237c:	c8c28293          	addi	t0,t0,-884 # 4 <_einit>
    2380:	0032e293          	ori	t0,t0,3
    2384:	30529073          	csrw	mtvec,t0
    2388:	910fe0ef          	jal	ra,498 <rcc_system_init>
    238c:	00000297          	auipc	t0,0x0
    2390:	ba028293          	addi	t0,t0,-1120 # 1f2c <main>
    2394:	34129073          	csrw	mepc,t0
    2398:	30200073          	mret

0000239c <_write>:
    239c:	d95fd2ef          	jal	t0,130 <__riscv_save_0>
    23a0:	852e                	mv	a0,a1
    23a2:	01061593          	slli	a1,a2,0x10
    23a6:	1141                	addi	sp,sp,-16
    23a8:	81c1                	srli	a1,a1,0x10
    23aa:	c632                	sw	a2,12(sp)
    23ac:	e1eff0ef          	jal	ra,19ca <cdc_write_bytes>
    23b0:	4632                	lw	a2,12(sp)
    23b2:	0141                	addi	sp,sp,16
    23b4:	8532                	mv	a0,a2
    23b6:	d9ffd06f          	j	154 <__riscv_restore_0>

000023ba <_sbrk>:
    23ba:	81018713          	addi	a4,gp,-2032 # 20000070 <curbrk.3291>
    23be:	431c                	lw	a5,0(a4)
    23c0:	200016b7          	lui	a3,0x20001
    23c4:	27c68693          	addi	a3,a3,636 # 2000127c <_ebss>
    23c8:	953e                	add	a0,a0,a5
    23ca:	00d56b63          	bltu	a0,a3,23e0 <_sbrk+0x26>
    23ce:	200056b7          	lui	a3,0x20005
    23d2:	80068693          	addi	a3,a3,-2048 # 20004800 <_heap_end>
    23d6:	00a6e563          	bltu	a3,a0,23e0 <_sbrk+0x26>
    23da:	c308                	sw	a0,0(a4)
    23dc:	853e                	mv	a0,a5
    23de:	8082                	ret
    23e0:	57fd                	li	a5,-1
    23e2:	bfed                	j	23dc <_sbrk+0x22>

000023e4 <iprintf>:
    23e4:	7139                	addi	sp,sp,-64
    23e6:	da3e                	sw	a5,52(sp)
    23e8:	d22e                	sw	a1,36(sp)
    23ea:	d432                	sw	a2,40(sp)
    23ec:	d636                	sw	a3,44(sp)
    23ee:	d83a                	sw	a4,48(sp)
    23f0:	dc42                	sw	a6,56(sp)
    23f2:	de46                	sw	a7,60(sp)
    23f4:	81418793          	addi	a5,gp,-2028 # 20000074 <_impure_ptr>
    23f8:	cc22                	sw	s0,24(sp)
    23fa:	4380                	lw	s0,0(a5)
    23fc:	ca26                	sw	s1,20(sp)
    23fe:	ce06                	sw	ra,28(sp)
    2400:	84aa                	mv	s1,a0
    2402:	c409                	beqz	s0,240c <iprintf+0x28>
    2404:	4c1c                	lw	a5,24(s0)
    2406:	e399                	bnez	a5,240c <iprintf+0x28>
    2408:	8522                	mv	a0,s0
    240a:	29ed                	jal	2904 <__sinit>
    240c:	440c                	lw	a1,8(s0)
    240e:	1054                	addi	a3,sp,36
    2410:	8626                	mv	a2,s1
    2412:	8522                	mv	a0,s0
    2414:	c636                	sw	a3,12(sp)
    2416:	127000ef          	jal	ra,2d3c <_vfiprintf_r>
    241a:	40f2                	lw	ra,28(sp)
    241c:	4462                	lw	s0,24(sp)
    241e:	44d2                	lw	s1,20(sp)
    2420:	6121                	addi	sp,sp,64
    2422:	8082                	ret

00002424 <_puts_r>:
    2424:	1101                	addi	sp,sp,-32
    2426:	ca26                	sw	s1,20(sp)
    2428:	c84a                	sw	s2,16(sp)
    242a:	ce06                	sw	ra,28(sp)
    242c:	cc22                	sw	s0,24(sp)
    242e:	c64e                	sw	s3,12(sp)
    2430:	c452                	sw	s4,8(sp)
    2432:	84aa                	mv	s1,a0
    2434:	892e                	mv	s2,a1
    2436:	c501                	beqz	a0,243e <_puts_r+0x1a>
    2438:	4d1c                	lw	a5,24(a0)
    243a:	e391                	bnez	a5,243e <_puts_r+0x1a>
    243c:	21e1                	jal	2904 <__sinit>
    243e:	4c9c                	lw	a5,24(s1)
    2440:	4480                	lw	s0,8(s1)
    2442:	e399                	bnez	a5,2448 <_puts_r+0x24>
    2444:	8526                	mv	a0,s1
    2446:	297d                	jal	2904 <__sinit>
    2448:	00001797          	auipc	a5,0x1
    244c:	37878793          	addi	a5,a5,888 # 37c0 <__sf_fake_stdin>
    2450:	02f41b63          	bne	s0,a5,2486 <_puts_r+0x62>
    2454:	40c0                	lw	s0,4(s1)
    2456:	245e                	lhu	a5,12(s0)
    2458:	8ba1                	andi	a5,a5,8
    245a:	c7b1                	beqz	a5,24a6 <_puts_r+0x82>
    245c:	481c                	lw	a5,16(s0)
    245e:	c7a1                	beqz	a5,24a6 <_puts_r+0x82>
    2460:	59fd                	li	s3,-1
    2462:	4a29                	li	s4,10
    2464:	441c                	lw	a5,8(s0)
    2466:	00094583          	lbu	a1,0(s2) # 8000 <_data_lma+0x47c4>
    246a:	17fd                	addi	a5,a5,-1
    246c:	e9b1                	bnez	a1,24c0 <_puts_r+0x9c>
    246e:	c41c                	sw	a5,8(s0)
    2470:	0607dd63          	bgez	a5,24ea <_puts_r+0xc6>
    2474:	8622                	mv	a2,s0
    2476:	45a9                	li	a1,10
    2478:	8526                	mv	a0,s1
    247a:	2061                	jal	2502 <__swbuf_r>
    247c:	57fd                	li	a5,-1
    247e:	02f50863          	beq	a0,a5,24ae <_puts_r+0x8a>
    2482:	4529                	li	a0,10
    2484:	a035                	j	24b0 <_puts_r+0x8c>
    2486:	00001797          	auipc	a5,0x1
    248a:	35a78793          	addi	a5,a5,858 # 37e0 <__sf_fake_stdout>
    248e:	00f41463          	bne	s0,a5,2496 <_puts_r+0x72>
    2492:	4480                	lw	s0,8(s1)
    2494:	b7c9                	j	2456 <_puts_r+0x32>
    2496:	00001797          	auipc	a5,0x1
    249a:	30a78793          	addi	a5,a5,778 # 37a0 <__sf_fake_stderr>
    249e:	faf41ce3          	bne	s0,a5,2456 <_puts_r+0x32>
    24a2:	44c0                	lw	s0,12(s1)
    24a4:	bf4d                	j	2456 <_puts_r+0x32>
    24a6:	85a2                	mv	a1,s0
    24a8:	8526                	mv	a0,s1
    24aa:	2a11                	jal	25be <__swsetup_r>
    24ac:	d955                	beqz	a0,2460 <_puts_r+0x3c>
    24ae:	557d                	li	a0,-1
    24b0:	40f2                	lw	ra,28(sp)
    24b2:	4462                	lw	s0,24(sp)
    24b4:	44d2                	lw	s1,20(sp)
    24b6:	4942                	lw	s2,16(sp)
    24b8:	49b2                	lw	s3,12(sp)
    24ba:	4a22                	lw	s4,8(sp)
    24bc:	6105                	addi	sp,sp,32
    24be:	8082                	ret
    24c0:	c41c                	sw	a5,8(s0)
    24c2:	0905                	addi	s2,s2,1
    24c4:	0007d763          	bgez	a5,24d2 <_puts_r+0xae>
    24c8:	4c18                	lw	a4,24(s0)
    24ca:	00e7ca63          	blt	a5,a4,24de <_puts_r+0xba>
    24ce:	01458863          	beq	a1,s4,24de <_puts_r+0xba>
    24d2:	401c                	lw	a5,0(s0)
    24d4:	00178713          	addi	a4,a5,1
    24d8:	c018                	sw	a4,0(s0)
    24da:	a38c                	sb	a1,0(a5)
    24dc:	b761                	j	2464 <_puts_r+0x40>
    24de:	8622                	mv	a2,s0
    24e0:	8526                	mv	a0,s1
    24e2:	2005                	jal	2502 <__swbuf_r>
    24e4:	f93510e3          	bne	a0,s3,2464 <_puts_r+0x40>
    24e8:	b7d9                	j	24ae <_puts_r+0x8a>
    24ea:	401c                	lw	a5,0(s0)
    24ec:	00178713          	addi	a4,a5,1
    24f0:	c018                	sw	a4,0(s0)
    24f2:	4729                	li	a4,10
    24f4:	a398                	sb	a4,0(a5)
    24f6:	b771                	j	2482 <_puts_r+0x5e>

000024f8 <puts>:
    24f8:	81418793          	addi	a5,gp,-2028 # 20000074 <_impure_ptr>
    24fc:	85aa                	mv	a1,a0
    24fe:	4388                	lw	a0,0(a5)
    2500:	b715                	j	2424 <_puts_r>

00002502 <__swbuf_r>:
    2502:	1101                	addi	sp,sp,-32
    2504:	cc22                	sw	s0,24(sp)
    2506:	ca26                	sw	s1,20(sp)
    2508:	c84a                	sw	s2,16(sp)
    250a:	ce06                	sw	ra,28(sp)
    250c:	c64e                	sw	s3,12(sp)
    250e:	84aa                	mv	s1,a0
    2510:	892e                	mv	s2,a1
    2512:	8432                	mv	s0,a2
    2514:	c501                	beqz	a0,251c <__swbuf_r+0x1a>
    2516:	4d1c                	lw	a5,24(a0)
    2518:	e391                	bnez	a5,251c <__swbuf_r+0x1a>
    251a:	26ed                	jal	2904 <__sinit>
    251c:	00001797          	auipc	a5,0x1
    2520:	2a478793          	addi	a5,a5,676 # 37c0 <__sf_fake_stdin>
    2524:	06f41763          	bne	s0,a5,2592 <__swbuf_r+0x90>
    2528:	40c0                	lw	s0,4(s1)
    252a:	4c1c                	lw	a5,24(s0)
    252c:	c41c                	sw	a5,8(s0)
    252e:	245e                	lhu	a5,12(s0)
    2530:	8ba1                	andi	a5,a5,8
    2532:	c3c1                	beqz	a5,25b2 <__swbuf_r+0xb0>
    2534:	481c                	lw	a5,16(s0)
    2536:	cfb5                	beqz	a5,25b2 <__swbuf_r+0xb0>
    2538:	481c                	lw	a5,16(s0)
    253a:	4008                	lw	a0,0(s0)
    253c:	0ff97993          	andi	s3,s2,255
    2540:	0ff97913          	andi	s2,s2,255
    2544:	8d1d                	sub	a0,a0,a5
    2546:	485c                	lw	a5,20(s0)
    2548:	00f54663          	blt	a0,a5,2554 <__swbuf_r+0x52>
    254c:	85a2                	mv	a1,s0
    254e:	8526                	mv	a0,s1
    2550:	2c69                	jal	27ea <_fflush_r>
    2552:	e525                	bnez	a0,25ba <__swbuf_r+0xb8>
    2554:	441c                	lw	a5,8(s0)
    2556:	0505                	addi	a0,a0,1
    2558:	17fd                	addi	a5,a5,-1
    255a:	c41c                	sw	a5,8(s0)
    255c:	401c                	lw	a5,0(s0)
    255e:	00178713          	addi	a4,a5,1
    2562:	c018                	sw	a4,0(s0)
    2564:	01378023          	sb	s3,0(a5)
    2568:	485c                	lw	a5,20(s0)
    256a:	00a78863          	beq	a5,a0,257a <__swbuf_r+0x78>
    256e:	245e                	lhu	a5,12(s0)
    2570:	8b85                	andi	a5,a5,1
    2572:	cb81                	beqz	a5,2582 <__swbuf_r+0x80>
    2574:	47a9                	li	a5,10
    2576:	00f91663          	bne	s2,a5,2582 <__swbuf_r+0x80>
    257a:	85a2                	mv	a1,s0
    257c:	8526                	mv	a0,s1
    257e:	24b5                	jal	27ea <_fflush_r>
    2580:	ed0d                	bnez	a0,25ba <__swbuf_r+0xb8>
    2582:	40f2                	lw	ra,28(sp)
    2584:	4462                	lw	s0,24(sp)
    2586:	854a                	mv	a0,s2
    2588:	44d2                	lw	s1,20(sp)
    258a:	4942                	lw	s2,16(sp)
    258c:	49b2                	lw	s3,12(sp)
    258e:	6105                	addi	sp,sp,32
    2590:	8082                	ret
    2592:	00001797          	auipc	a5,0x1
    2596:	24e78793          	addi	a5,a5,590 # 37e0 <__sf_fake_stdout>
    259a:	00f41463          	bne	s0,a5,25a2 <__swbuf_r+0xa0>
    259e:	4480                	lw	s0,8(s1)
    25a0:	b769                	j	252a <__swbuf_r+0x28>
    25a2:	00001797          	auipc	a5,0x1
    25a6:	1fe78793          	addi	a5,a5,510 # 37a0 <__sf_fake_stderr>
    25aa:	f8f410e3          	bne	s0,a5,252a <__swbuf_r+0x28>
    25ae:	44c0                	lw	s0,12(s1)
    25b0:	bfad                	j	252a <__swbuf_r+0x28>
    25b2:	85a2                	mv	a1,s0
    25b4:	8526                	mv	a0,s1
    25b6:	2021                	jal	25be <__swsetup_r>
    25b8:	d141                	beqz	a0,2538 <__swbuf_r+0x36>
    25ba:	597d                	li	s2,-1
    25bc:	b7d9                	j	2582 <__swbuf_r+0x80>

000025be <__swsetup_r>:
    25be:	1141                	addi	sp,sp,-16
    25c0:	81418793          	addi	a5,gp,-2028 # 20000074 <_impure_ptr>
    25c4:	c226                	sw	s1,4(sp)
    25c6:	4384                	lw	s1,0(a5)
    25c8:	c422                	sw	s0,8(sp)
    25ca:	c04a                	sw	s2,0(sp)
    25cc:	c606                	sw	ra,12(sp)
    25ce:	892a                	mv	s2,a0
    25d0:	842e                	mv	s0,a1
    25d2:	c489                	beqz	s1,25dc <__swsetup_r+0x1e>
    25d4:	4c9c                	lw	a5,24(s1)
    25d6:	e399                	bnez	a5,25dc <__swsetup_r+0x1e>
    25d8:	8526                	mv	a0,s1
    25da:	262d                	jal	2904 <__sinit>
    25dc:	00001797          	auipc	a5,0x1
    25e0:	1e478793          	addi	a5,a5,484 # 37c0 <__sf_fake_stdin>
    25e4:	02f41b63          	bne	s0,a5,261a <__swsetup_r+0x5c>
    25e8:	40c0                	lw	s0,4(s1)
    25ea:	00c41703          	lh	a4,12(s0)
    25ee:	01071793          	slli	a5,a4,0x10
    25f2:	83c1                	srli	a5,a5,0x10
    25f4:	0087f693          	andi	a3,a5,8
    25f8:	eaad                	bnez	a3,266a <__swsetup_r+0xac>
    25fa:	0107f693          	andi	a3,a5,16
    25fe:	ee95                	bnez	a3,263a <__swsetup_r+0x7c>
    2600:	47a5                	li	a5,9
    2602:	00f92023          	sw	a5,0(s2)
    2606:	04076713          	ori	a4,a4,64
    260a:	a45a                	sh	a4,12(s0)
    260c:	557d                	li	a0,-1
    260e:	40b2                	lw	ra,12(sp)
    2610:	4422                	lw	s0,8(sp)
    2612:	4492                	lw	s1,4(sp)
    2614:	4902                	lw	s2,0(sp)
    2616:	0141                	addi	sp,sp,16
    2618:	8082                	ret
    261a:	00001797          	auipc	a5,0x1
    261e:	1c678793          	addi	a5,a5,454 # 37e0 <__sf_fake_stdout>
    2622:	00f41463          	bne	s0,a5,262a <__swsetup_r+0x6c>
    2626:	4480                	lw	s0,8(s1)
    2628:	b7c9                	j	25ea <__swsetup_r+0x2c>
    262a:	00001797          	auipc	a5,0x1
    262e:	17678793          	addi	a5,a5,374 # 37a0 <__sf_fake_stderr>
    2632:	faf41ce3          	bne	s0,a5,25ea <__swsetup_r+0x2c>
    2636:	44c0                	lw	s0,12(s1)
    2638:	bf4d                	j	25ea <__swsetup_r+0x2c>
    263a:	8b91                	andi	a5,a5,4
    263c:	c39d                	beqz	a5,2662 <__swsetup_r+0xa4>
    263e:	584c                	lw	a1,52(s0)
    2640:	c989                	beqz	a1,2652 <__swsetup_r+0x94>
    2642:	04440793          	addi	a5,s0,68
    2646:	00f58463          	beq	a1,a5,264e <__swsetup_r+0x90>
    264a:	854a                	mv	a0,s2
    264c:	2331                	jal	2b58 <_free_r>
    264e:	02042a23          	sw	zero,52(s0)
    2652:	245e                	lhu	a5,12(s0)
    2654:	00042223          	sw	zero,4(s0)
    2658:	fdb7f793          	andi	a5,a5,-37
    265c:	a45e                	sh	a5,12(s0)
    265e:	481c                	lw	a5,16(s0)
    2660:	c01c                	sw	a5,0(s0)
    2662:	245e                	lhu	a5,12(s0)
    2664:	0087e793          	ori	a5,a5,8
    2668:	a45e                	sh	a5,12(s0)
    266a:	481c                	lw	a5,16(s0)
    266c:	eb99                	bnez	a5,2682 <__swsetup_r+0xc4>
    266e:	245e                	lhu	a5,12(s0)
    2670:	20000713          	li	a4,512
    2674:	2807f793          	andi	a5,a5,640
    2678:	00e78563          	beq	a5,a4,2682 <__swsetup_r+0xc4>
    267c:	85a2                	mv	a1,s0
    267e:	854a                	mv	a0,s2
    2680:	21a1                	jal	2ac8 <__smakebuf_r>
    2682:	245e                	lhu	a5,12(s0)
    2684:	0017f713          	andi	a4,a5,1
    2688:	c31d                	beqz	a4,26ae <__swsetup_r+0xf0>
    268a:	485c                	lw	a5,20(s0)
    268c:	00042423          	sw	zero,8(s0)
    2690:	40f007b3          	neg	a5,a5
    2694:	cc1c                	sw	a5,24(s0)
    2696:	481c                	lw	a5,16(s0)
    2698:	4501                	li	a0,0
    269a:	fbb5                	bnez	a5,260e <__swsetup_r+0x50>
    269c:	00c41783          	lh	a5,12(s0)
    26a0:	0807f713          	andi	a4,a5,128
    26a4:	d72d                	beqz	a4,260e <__swsetup_r+0x50>
    26a6:	0407e793          	ori	a5,a5,64
    26aa:	a45e                	sh	a5,12(s0)
    26ac:	b785                	j	260c <__swsetup_r+0x4e>
    26ae:	8b89                	andi	a5,a5,2
    26b0:	4701                	li	a4,0
    26b2:	e391                	bnez	a5,26b6 <__swsetup_r+0xf8>
    26b4:	4858                	lw	a4,20(s0)
    26b6:	c418                	sw	a4,8(s0)
    26b8:	bff9                	j	2696 <__swsetup_r+0xd8>

000026ba <__sflush_r>:
    26ba:	25de                	lhu	a5,12(a1)
    26bc:	1101                	addi	sp,sp,-32
    26be:	cc22                	sw	s0,24(sp)
    26c0:	ca26                	sw	s1,20(sp)
    26c2:	ce06                	sw	ra,28(sp)
    26c4:	c84a                	sw	s2,16(sp)
    26c6:	c64e                	sw	s3,12(sp)
    26c8:	0087f713          	andi	a4,a5,8
    26cc:	84aa                	mv	s1,a0
    26ce:	842e                	mv	s0,a1
    26d0:	eb79                	bnez	a4,27a6 <__sflush_r+0xec>
    26d2:	41d8                	lw	a4,4(a1)
    26d4:	00e04d63          	bgtz	a4,26ee <__sflush_r+0x34>
    26d8:	41b8                	lw	a4,64(a1)
    26da:	00e04a63          	bgtz	a4,26ee <__sflush_r+0x34>
    26de:	4501                	li	a0,0
    26e0:	40f2                	lw	ra,28(sp)
    26e2:	4462                	lw	s0,24(sp)
    26e4:	44d2                	lw	s1,20(sp)
    26e6:	4942                	lw	s2,16(sp)
    26e8:	49b2                	lw	s3,12(sp)
    26ea:	6105                	addi	sp,sp,32
    26ec:	8082                	ret
    26ee:	5458                	lw	a4,44(s0)
    26f0:	d77d                	beqz	a4,26de <__sflush_r+0x24>
    26f2:	0004a903          	lw	s2,0(s1)
    26f6:	01379693          	slli	a3,a5,0x13
    26fa:	0004a023          	sw	zero,0(s1)
    26fe:	0606db63          	bgez	a3,2774 <__sflush_r+0xba>
    2702:	4870                	lw	a2,84(s0)
    2704:	245e                	lhu	a5,12(s0)
    2706:	8b91                	andi	a5,a5,4
    2708:	c799                	beqz	a5,2716 <__sflush_r+0x5c>
    270a:	405c                	lw	a5,4(s0)
    270c:	8e1d                	sub	a2,a2,a5
    270e:	585c                	lw	a5,52(s0)
    2710:	c399                	beqz	a5,2716 <__sflush_r+0x5c>
    2712:	403c                	lw	a5,64(s0)
    2714:	8e1d                	sub	a2,a2,a5
    2716:	545c                	lw	a5,44(s0)
    2718:	500c                	lw	a1,32(s0)
    271a:	4681                	li	a3,0
    271c:	8526                	mv	a0,s1
    271e:	9782                	jalr	a5
    2720:	57fd                	li	a5,-1
    2722:	245a                	lhu	a4,12(s0)
    2724:	00f51d63          	bne	a0,a5,273e <__sflush_r+0x84>
    2728:	4094                	lw	a3,0(s1)
    272a:	47f5                	li	a5,29
    272c:	06d7e863          	bltu	a5,a3,279c <__sflush_r+0xe2>
    2730:	204007b7          	lui	a5,0x20400
    2734:	0785                	addi	a5,a5,1
    2736:	00d7d7b3          	srl	a5,a5,a3
    273a:	8b85                	andi	a5,a5,1
    273c:	c3a5                	beqz	a5,279c <__sflush_r+0xe2>
    273e:	481c                	lw	a5,16(s0)
    2740:	00042223          	sw	zero,4(s0)
    2744:	c01c                	sw	a5,0(s0)
    2746:	01371793          	slli	a5,a4,0x13
    274a:	0007d863          	bgez	a5,275a <__sflush_r+0xa0>
    274e:	57fd                	li	a5,-1
    2750:	00f51463          	bne	a0,a5,2758 <__sflush_r+0x9e>
    2754:	409c                	lw	a5,0(s1)
    2756:	e391                	bnez	a5,275a <__sflush_r+0xa0>
    2758:	c868                	sw	a0,84(s0)
    275a:	584c                	lw	a1,52(s0)
    275c:	0124a023          	sw	s2,0(s1)
    2760:	ddbd                	beqz	a1,26de <__sflush_r+0x24>
    2762:	04440793          	addi	a5,s0,68
    2766:	00f58463          	beq	a1,a5,276e <__sflush_r+0xb4>
    276a:	8526                	mv	a0,s1
    276c:	26f5                	jal	2b58 <_free_r>
    276e:	02042a23          	sw	zero,52(s0)
    2772:	b7b5                	j	26de <__sflush_r+0x24>
    2774:	500c                	lw	a1,32(s0)
    2776:	4601                	li	a2,0
    2778:	4685                	li	a3,1
    277a:	8526                	mv	a0,s1
    277c:	9702                	jalr	a4
    277e:	57fd                	li	a5,-1
    2780:	862a                	mv	a2,a0
    2782:	f8f511e3          	bne	a0,a5,2704 <__sflush_r+0x4a>
    2786:	409c                	lw	a5,0(s1)
    2788:	dfb5                	beqz	a5,2704 <__sflush_r+0x4a>
    278a:	4775                	li	a4,29
    278c:	00e78563          	beq	a5,a4,2796 <__sflush_r+0xdc>
    2790:	4759                	li	a4,22
    2792:	04e79363          	bne	a5,a4,27d8 <__sflush_r+0x11e>
    2796:	0124a023          	sw	s2,0(s1)
    279a:	b791                	j	26de <__sflush_r+0x24>
    279c:	04076713          	ori	a4,a4,64
    27a0:	a45a                	sh	a4,12(s0)
    27a2:	557d                	li	a0,-1
    27a4:	bf35                	j	26e0 <__sflush_r+0x26>
    27a6:	0105a983          	lw	s3,16(a1)
    27aa:	f2098ae3          	beqz	s3,26de <__sflush_r+0x24>
    27ae:	0005a903          	lw	s2,0(a1)
    27b2:	8b8d                	andi	a5,a5,3
    27b4:	0135a023          	sw	s3,0(a1)
    27b8:	41390933          	sub	s2,s2,s3
    27bc:	4701                	li	a4,0
    27be:	e391                	bnez	a5,27c2 <__sflush_r+0x108>
    27c0:	49d8                	lw	a4,20(a1)
    27c2:	c418                	sw	a4,8(s0)
    27c4:	f1205de3          	blez	s2,26de <__sflush_r+0x24>
    27c8:	541c                	lw	a5,40(s0)
    27ca:	500c                	lw	a1,32(s0)
    27cc:	86ca                	mv	a3,s2
    27ce:	864e                	mv	a2,s3
    27d0:	8526                	mv	a0,s1
    27d2:	9782                	jalr	a5
    27d4:	00a04763          	bgtz	a0,27e2 <__sflush_r+0x128>
    27d8:	245e                	lhu	a5,12(s0)
    27da:	0407e793          	ori	a5,a5,64
    27de:	a45e                	sh	a5,12(s0)
    27e0:	b7c9                	j	27a2 <__sflush_r+0xe8>
    27e2:	99aa                	add	s3,s3,a0
    27e4:	40a90933          	sub	s2,s2,a0
    27e8:	bff1                	j	27c4 <__sflush_r+0x10a>

000027ea <_fflush_r>:
    27ea:	499c                	lw	a5,16(a1)
    27ec:	cfb9                	beqz	a5,284a <_fflush_r+0x60>
    27ee:	1101                	addi	sp,sp,-32
    27f0:	cc22                	sw	s0,24(sp)
    27f2:	ce06                	sw	ra,28(sp)
    27f4:	842a                	mv	s0,a0
    27f6:	c511                	beqz	a0,2802 <_fflush_r+0x18>
    27f8:	4d1c                	lw	a5,24(a0)
    27fa:	e781                	bnez	a5,2802 <_fflush_r+0x18>
    27fc:	c62e                	sw	a1,12(sp)
    27fe:	2219                	jal	2904 <__sinit>
    2800:	45b2                	lw	a1,12(sp)
    2802:	00001797          	auipc	a5,0x1
    2806:	fbe78793          	addi	a5,a5,-66 # 37c0 <__sf_fake_stdin>
    280a:	00f59b63          	bne	a1,a5,2820 <_fflush_r+0x36>
    280e:	404c                	lw	a1,4(s0)
    2810:	00c59783          	lh	a5,12(a1)
    2814:	c795                	beqz	a5,2840 <_fflush_r+0x56>
    2816:	8522                	mv	a0,s0
    2818:	4462                	lw	s0,24(sp)
    281a:	40f2                	lw	ra,28(sp)
    281c:	6105                	addi	sp,sp,32
    281e:	bd71                	j	26ba <__sflush_r>
    2820:	00001797          	auipc	a5,0x1
    2824:	fc078793          	addi	a5,a5,-64 # 37e0 <__sf_fake_stdout>
    2828:	00f59463          	bne	a1,a5,2830 <_fflush_r+0x46>
    282c:	440c                	lw	a1,8(s0)
    282e:	b7cd                	j	2810 <_fflush_r+0x26>
    2830:	00001797          	auipc	a5,0x1
    2834:	f7078793          	addi	a5,a5,-144 # 37a0 <__sf_fake_stderr>
    2838:	fcf59ce3          	bne	a1,a5,2810 <_fflush_r+0x26>
    283c:	444c                	lw	a1,12(s0)
    283e:	bfc9                	j	2810 <_fflush_r+0x26>
    2840:	40f2                	lw	ra,28(sp)
    2842:	4462                	lw	s0,24(sp)
    2844:	4501                	li	a0,0
    2846:	6105                	addi	sp,sp,32
    2848:	8082                	ret
    284a:	4501                	li	a0,0
    284c:	8082                	ret

0000284e <std>:
    284e:	1141                	addi	sp,sp,-16
    2850:	c422                	sw	s0,8(sp)
    2852:	c606                	sw	ra,12(sp)
    2854:	842a                	mv	s0,a0
    2856:	a54e                	sh	a1,12(a0)
    2858:	a572                	sh	a2,14(a0)
    285a:	00052023          	sw	zero,0(a0)
    285e:	00052223          	sw	zero,4(a0)
    2862:	00052423          	sw	zero,8(a0)
    2866:	06052223          	sw	zero,100(a0)
    286a:	00052823          	sw	zero,16(a0)
    286e:	00052a23          	sw	zero,20(a0)
    2872:	00052c23          	sw	zero,24(a0)
    2876:	4621                	li	a2,8
    2878:	4581                	li	a1,0
    287a:	05c50513          	addi	a0,a0,92
    287e:	8e3fd0ef          	jal	ra,160 <memset>
    2882:	00001797          	auipc	a5,0x1
    2886:	b2078793          	addi	a5,a5,-1248 # 33a2 <__sread>
    288a:	d05c                	sw	a5,36(s0)
    288c:	00001797          	auipc	a5,0x1
    2890:	b4278793          	addi	a5,a5,-1214 # 33ce <__swrite>
    2894:	d41c                	sw	a5,40(s0)
    2896:	00001797          	auipc	a5,0x1
    289a:	b8078793          	addi	a5,a5,-1152 # 3416 <__sseek>
    289e:	d45c                	sw	a5,44(s0)
    28a0:	00001797          	auipc	a5,0x1
    28a4:	ba678793          	addi	a5,a5,-1114 # 3446 <__sclose>
    28a8:	d000                	sw	s0,32(s0)
    28aa:	d81c                	sw	a5,48(s0)
    28ac:	40b2                	lw	ra,12(sp)
    28ae:	4422                	lw	s0,8(sp)
    28b0:	0141                	addi	sp,sp,16
    28b2:	8082                	ret

000028b4 <_cleanup_r>:
    28b4:	00000597          	auipc	a1,0x0
    28b8:	f3658593          	addi	a1,a1,-202 # 27ea <_fflush_r>
    28bc:	a2a9                	j	2a06 <_fwalk_reent>

000028be <__sfmoreglue>:
    28be:	1141                	addi	sp,sp,-16
    28c0:	c226                	sw	s1,4(sp)
    28c2:	06800613          	li	a2,104
    28c6:	fff58493          	addi	s1,a1,-1
    28ca:	02c484b3          	mul	s1,s1,a2
    28ce:	c04a                	sw	s2,0(sp)
    28d0:	892e                	mv	s2,a1
    28d2:	c422                	sw	s0,8(sp)
    28d4:	c606                	sw	ra,12(sp)
    28d6:	07448593          	addi	a1,s1,116
    28da:	261d                	jal	2c00 <_malloc_r>
    28dc:	842a                	mv	s0,a0
    28de:	cd01                	beqz	a0,28f6 <__sfmoreglue+0x38>
    28e0:	00052023          	sw	zero,0(a0)
    28e4:	01252223          	sw	s2,4(a0)
    28e8:	0531                	addi	a0,a0,12
    28ea:	c408                	sw	a0,8(s0)
    28ec:	06848613          	addi	a2,s1,104
    28f0:	4581                	li	a1,0
    28f2:	86ffd0ef          	jal	ra,160 <memset>
    28f6:	8522                	mv	a0,s0
    28f8:	40b2                	lw	ra,12(sp)
    28fa:	4422                	lw	s0,8(sp)
    28fc:	4492                	lw	s1,4(sp)
    28fe:	4902                	lw	s2,0(sp)
    2900:	0141                	addi	sp,sp,16
    2902:	8082                	ret

00002904 <__sinit>:
    2904:	4d1c                	lw	a5,24(a0)
    2906:	e3ad                	bnez	a5,2968 <__sinit+0x64>
    2908:	1141                	addi	sp,sp,-16
    290a:	c606                	sw	ra,12(sp)
    290c:	c422                	sw	s0,8(sp)
    290e:	00000797          	auipc	a5,0x0
    2912:	fa678793          	addi	a5,a5,-90 # 28b4 <_cleanup_r>
    2916:	d51c                	sw	a5,40(a0)
    2918:	82018793          	addi	a5,gp,-2016 # 20000080 <_global_impure_ptr>
    291c:	439c                	lw	a5,0(a5)
    291e:	04052423          	sw	zero,72(a0)
    2922:	04052623          	sw	zero,76(a0)
    2926:	04052823          	sw	zero,80(a0)
    292a:	00f51463          	bne	a0,a5,2932 <__sinit+0x2e>
    292e:	4785                	li	a5,1
    2930:	cd1c                	sw	a5,24(a0)
    2932:	842a                	mv	s0,a0
    2934:	281d                	jal	296a <__sfp>
    2936:	c048                	sw	a0,4(s0)
    2938:	8522                	mv	a0,s0
    293a:	2805                	jal	296a <__sfp>
    293c:	c408                	sw	a0,8(s0)
    293e:	8522                	mv	a0,s0
    2940:	202d                	jal	296a <__sfp>
    2942:	c448                	sw	a0,12(s0)
    2944:	4048                	lw	a0,4(s0)
    2946:	4601                	li	a2,0
    2948:	4591                	li	a1,4
    294a:	3711                	jal	284e <std>
    294c:	4408                	lw	a0,8(s0)
    294e:	4605                	li	a2,1
    2950:	45a5                	li	a1,9
    2952:	3df5                	jal	284e <std>
    2954:	4448                	lw	a0,12(s0)
    2956:	4609                	li	a2,2
    2958:	45c9                	li	a1,18
    295a:	3dd5                	jal	284e <std>
    295c:	4785                	li	a5,1
    295e:	cc1c                	sw	a5,24(s0)
    2960:	40b2                	lw	ra,12(sp)
    2962:	4422                	lw	s0,8(sp)
    2964:	0141                	addi	sp,sp,16
    2966:	8082                	ret
    2968:	8082                	ret

0000296a <__sfp>:
    296a:	1141                	addi	sp,sp,-16
    296c:	82018793          	addi	a5,gp,-2016 # 20000080 <_global_impure_ptr>
    2970:	c226                	sw	s1,4(sp)
    2972:	4384                	lw	s1,0(a5)
    2974:	c04a                	sw	s2,0(sp)
    2976:	c606                	sw	ra,12(sp)
    2978:	4c9c                	lw	a5,24(s1)
    297a:	c422                	sw	s0,8(sp)
    297c:	892a                	mv	s2,a0
    297e:	e399                	bnez	a5,2984 <__sfp+0x1a>
    2980:	8526                	mv	a0,s1
    2982:	3749                	jal	2904 <__sinit>
    2984:	04848493          	addi	s1,s1,72
    2988:	4480                	lw	s0,8(s1)
    298a:	40dc                	lw	a5,4(s1)
    298c:	17fd                	addi	a5,a5,-1
    298e:	0007d663          	bgez	a5,299a <__sfp+0x30>
    2992:	409c                	lw	a5,0(s1)
    2994:	cfb9                	beqz	a5,29f2 <__sfp+0x88>
    2996:	4084                	lw	s1,0(s1)
    2998:	bfc5                	j	2988 <__sfp+0x1e>
    299a:	00c41703          	lh	a4,12(s0)
    299e:	e739                	bnez	a4,29ec <__sfp+0x82>
    29a0:	77c1                	lui	a5,0xffff0
    29a2:	0785                	addi	a5,a5,1
    29a4:	06042223          	sw	zero,100(s0)
    29a8:	00042023          	sw	zero,0(s0)
    29ac:	00042223          	sw	zero,4(s0)
    29b0:	00042423          	sw	zero,8(s0)
    29b4:	c45c                	sw	a5,12(s0)
    29b6:	00042823          	sw	zero,16(s0)
    29ba:	00042a23          	sw	zero,20(s0)
    29be:	00042c23          	sw	zero,24(s0)
    29c2:	4621                	li	a2,8
    29c4:	4581                	li	a1,0
    29c6:	05c40513          	addi	a0,s0,92
    29ca:	f96fd0ef          	jal	ra,160 <memset>
    29ce:	02042a23          	sw	zero,52(s0)
    29d2:	02042c23          	sw	zero,56(s0)
    29d6:	04042423          	sw	zero,72(s0)
    29da:	04042623          	sw	zero,76(s0)
    29de:	8522                	mv	a0,s0
    29e0:	40b2                	lw	ra,12(sp)
    29e2:	4422                	lw	s0,8(sp)
    29e4:	4492                	lw	s1,4(sp)
    29e6:	4902                	lw	s2,0(sp)
    29e8:	0141                	addi	sp,sp,16
    29ea:	8082                	ret
    29ec:	06840413          	addi	s0,s0,104
    29f0:	bf71                	j	298c <__sfp+0x22>
    29f2:	4591                	li	a1,4
    29f4:	854a                	mv	a0,s2
    29f6:	35e1                	jal	28be <__sfmoreglue>
    29f8:	c088                	sw	a0,0(s1)
    29fa:	fd51                	bnez	a0,2996 <__sfp+0x2c>
    29fc:	47b1                	li	a5,12
    29fe:	00f92023          	sw	a5,0(s2)
    2a02:	4401                	li	s0,0
    2a04:	bfe9                	j	29de <__sfp+0x74>

00002a06 <_fwalk_reent>:
    2a06:	7179                	addi	sp,sp,-48
    2a08:	d422                	sw	s0,40(sp)
    2a0a:	d04a                	sw	s2,32(sp)
    2a0c:	cc52                	sw	s4,24(sp)
    2a0e:	ca56                	sw	s5,20(sp)
    2a10:	c85a                	sw	s6,16(sp)
    2a12:	c65e                	sw	s7,12(sp)
    2a14:	d606                	sw	ra,44(sp)
    2a16:	d226                	sw	s1,36(sp)
    2a18:	ce4e                	sw	s3,28(sp)
    2a1a:	8a2a                	mv	s4,a0
    2a1c:	8aae                	mv	s5,a1
    2a1e:	04850413          	addi	s0,a0,72
    2a22:	4901                	li	s2,0
    2a24:	4b05                	li	s6,1
    2a26:	5bfd                	li	s7,-1
    2a28:	ec09                	bnez	s0,2a42 <_fwalk_reent+0x3c>
    2a2a:	50b2                	lw	ra,44(sp)
    2a2c:	5422                	lw	s0,40(sp)
    2a2e:	854a                	mv	a0,s2
    2a30:	5492                	lw	s1,36(sp)
    2a32:	5902                	lw	s2,32(sp)
    2a34:	49f2                	lw	s3,28(sp)
    2a36:	4a62                	lw	s4,24(sp)
    2a38:	4ad2                	lw	s5,20(sp)
    2a3a:	4b42                	lw	s6,16(sp)
    2a3c:	4bb2                	lw	s7,12(sp)
    2a3e:	6145                	addi	sp,sp,48
    2a40:	8082                	ret
    2a42:	4404                	lw	s1,8(s0)
    2a44:	00442983          	lw	s3,4(s0)
    2a48:	19fd                	addi	s3,s3,-1
    2a4a:	0009d463          	bgez	s3,2a52 <_fwalk_reent+0x4c>
    2a4e:	4000                	lw	s0,0(s0)
    2a50:	bfe1                	j	2a28 <_fwalk_reent+0x22>
    2a52:	24de                	lhu	a5,12(s1)
    2a54:	00fb7b63          	bgeu	s6,a5,2a6a <_fwalk_reent+0x64>
    2a58:	00e49783          	lh	a5,14(s1)
    2a5c:	01778763          	beq	a5,s7,2a6a <_fwalk_reent+0x64>
    2a60:	85a6                	mv	a1,s1
    2a62:	8552                	mv	a0,s4
    2a64:	9a82                	jalr	s5
    2a66:	00a96933          	or	s2,s2,a0
    2a6a:	06848493          	addi	s1,s1,104
    2a6e:	bfe9                	j	2a48 <_fwalk_reent+0x42>

00002a70 <__swhatbuf_r>:
    2a70:	7119                	addi	sp,sp,-128
    2a72:	daa6                	sw	s1,116(sp)
    2a74:	84ae                	mv	s1,a1
    2a76:	00e59583          	lh	a1,14(a1)
    2a7a:	dca2                	sw	s0,120(sp)
    2a7c:	de86                	sw	ra,124(sp)
    2a7e:	8432                	mv	s0,a2
    2a80:	0005db63          	bgez	a1,2a96 <__swhatbuf_r+0x26>
    2a84:	24de                	lhu	a5,12(s1)
    2a86:	0006a023          	sw	zero,0(a3)
    2a8a:	0807f793          	andi	a5,a5,128
    2a8e:	e785                	bnez	a5,2ab6 <__swhatbuf_r+0x46>
    2a90:	40000793          	li	a5,1024
    2a94:	a01d                	j	2aba <__swhatbuf_r+0x4a>
    2a96:	0830                	addi	a2,sp,24
    2a98:	c636                	sw	a3,12(sp)
    2a9a:	219000ef          	jal	ra,34b2 <_fstat_r>
    2a9e:	46b2                	lw	a3,12(sp)
    2aa0:	fe0542e3          	bltz	a0,2a84 <__swhatbuf_r+0x14>
    2aa4:	4772                	lw	a4,28(sp)
    2aa6:	67bd                	lui	a5,0xf
    2aa8:	8ff9                	and	a5,a5,a4
    2aaa:	7779                	lui	a4,0xffffe
    2aac:	97ba                	add	a5,a5,a4
    2aae:	0017b793          	seqz	a5,a5
    2ab2:	c29c                	sw	a5,0(a3)
    2ab4:	bff1                	j	2a90 <__swhatbuf_r+0x20>
    2ab6:	04000793          	li	a5,64
    2aba:	c01c                	sw	a5,0(s0)
    2abc:	50f6                	lw	ra,124(sp)
    2abe:	5466                	lw	s0,120(sp)
    2ac0:	54d6                	lw	s1,116(sp)
    2ac2:	4501                	li	a0,0
    2ac4:	6109                	addi	sp,sp,128
    2ac6:	8082                	ret

00002ac8 <__smakebuf_r>:
    2ac8:	25de                	lhu	a5,12(a1)
    2aca:	1101                	addi	sp,sp,-32
    2acc:	cc22                	sw	s0,24(sp)
    2ace:	ce06                	sw	ra,28(sp)
    2ad0:	ca26                	sw	s1,20(sp)
    2ad2:	c84a                	sw	s2,16(sp)
    2ad4:	8b89                	andi	a5,a5,2
    2ad6:	842e                	mv	s0,a1
    2ad8:	cf89                	beqz	a5,2af2 <__smakebuf_r+0x2a>
    2ada:	04740793          	addi	a5,s0,71
    2ade:	c01c                	sw	a5,0(s0)
    2ae0:	c81c                	sw	a5,16(s0)
    2ae2:	4785                	li	a5,1
    2ae4:	c85c                	sw	a5,20(s0)
    2ae6:	40f2                	lw	ra,28(sp)
    2ae8:	4462                	lw	s0,24(sp)
    2aea:	44d2                	lw	s1,20(sp)
    2aec:	4942                	lw	s2,16(sp)
    2aee:	6105                	addi	sp,sp,32
    2af0:	8082                	ret
    2af2:	0074                	addi	a3,sp,12
    2af4:	0030                	addi	a2,sp,8
    2af6:	84aa                	mv	s1,a0
    2af8:	3fa5                	jal	2a70 <__swhatbuf_r>
    2afa:	45a2                	lw	a1,8(sp)
    2afc:	892a                	mv	s2,a0
    2afe:	8526                	mv	a0,s1
    2b00:	2201                	jal	2c00 <_malloc_r>
    2b02:	e919                	bnez	a0,2b18 <__smakebuf_r+0x50>
    2b04:	00c41783          	lh	a5,12(s0)
    2b08:	2007f713          	andi	a4,a5,512
    2b0c:	ff69                	bnez	a4,2ae6 <__smakebuf_r+0x1e>
    2b0e:	9bf1                	andi	a5,a5,-4
    2b10:	0027e793          	ori	a5,a5,2
    2b14:	a45e                	sh	a5,12(s0)
    2b16:	b7d1                	j	2ada <__smakebuf_r+0x12>
    2b18:	00000797          	auipc	a5,0x0
    2b1c:	d9c78793          	addi	a5,a5,-612 # 28b4 <_cleanup_r>
    2b20:	d49c                	sw	a5,40(s1)
    2b22:	245e                	lhu	a5,12(s0)
    2b24:	c008                	sw	a0,0(s0)
    2b26:	c808                	sw	a0,16(s0)
    2b28:	0807e793          	ori	a5,a5,128
    2b2c:	a45e                	sh	a5,12(s0)
    2b2e:	47a2                	lw	a5,8(sp)
    2b30:	c85c                	sw	a5,20(s0)
    2b32:	47b2                	lw	a5,12(sp)
    2b34:	cf81                	beqz	a5,2b4c <__smakebuf_r+0x84>
    2b36:	00e41583          	lh	a1,14(s0)
    2b3a:	8526                	mv	a0,s1
    2b3c:	1a9000ef          	jal	ra,34e4 <_isatty_r>
    2b40:	c511                	beqz	a0,2b4c <__smakebuf_r+0x84>
    2b42:	245e                	lhu	a5,12(s0)
    2b44:	9bf1                	andi	a5,a5,-4
    2b46:	0017e793          	ori	a5,a5,1
    2b4a:	a45e                	sh	a5,12(s0)
    2b4c:	245e                	lhu	a5,12(s0)
    2b4e:	00f96933          	or	s2,s2,a5
    2b52:	01241623          	sh	s2,12(s0)
    2b56:	bf41                	j	2ae6 <__smakebuf_r+0x1e>

00002b58 <_free_r>:
    2b58:	c1dd                	beqz	a1,2bfe <_free_r+0xa6>
    2b5a:	ffc5a783          	lw	a5,-4(a1)
    2b5e:	1141                	addi	sp,sp,-16
    2b60:	c422                	sw	s0,8(sp)
    2b62:	c606                	sw	ra,12(sp)
    2b64:	c226                	sw	s1,4(sp)
    2b66:	ffc58413          	addi	s0,a1,-4
    2b6a:	0007d363          	bgez	a5,2b70 <_free_r+0x18>
    2b6e:	943e                	add	s0,s0,a5
    2b70:	84aa                	mv	s1,a0
    2b72:	1ef000ef          	jal	ra,3560 <__malloc_lock>
    2b76:	8a018793          	addi	a5,gp,-1888 # 20000100 <__malloc_free_list>
    2b7a:	439c                	lw	a5,0(a5)
    2b7c:	ef81                	bnez	a5,2b94 <_free_r+0x3c>
    2b7e:	00042223          	sw	zero,4(s0)
    2b82:	8a81a023          	sw	s0,-1888(gp) # 20000100 <__malloc_free_list>
    2b86:	4422                	lw	s0,8(sp)
    2b88:	40b2                	lw	ra,12(sp)
    2b8a:	8526                	mv	a0,s1
    2b8c:	4492                	lw	s1,4(sp)
    2b8e:	0141                	addi	sp,sp,16
    2b90:	1d30006f          	j	3562 <__malloc_unlock>
    2b94:	00f47e63          	bgeu	s0,a5,2bb0 <_free_r+0x58>
    2b98:	4014                	lw	a3,0(s0)
    2b9a:	00d40733          	add	a4,s0,a3
    2b9e:	00e79663          	bne	a5,a4,2baa <_free_r+0x52>
    2ba2:	4398                	lw	a4,0(a5)
    2ba4:	43dc                	lw	a5,4(a5)
    2ba6:	9736                	add	a4,a4,a3
    2ba8:	c018                	sw	a4,0(s0)
    2baa:	c05c                	sw	a5,4(s0)
    2bac:	bfd9                	j	2b82 <_free_r+0x2a>
    2bae:	87ba                	mv	a5,a4
    2bb0:	43d8                	lw	a4,4(a5)
    2bb2:	c319                	beqz	a4,2bb8 <_free_r+0x60>
    2bb4:	fee47de3          	bgeu	s0,a4,2bae <_free_r+0x56>
    2bb8:	4394                	lw	a3,0(a5)
    2bba:	00d78633          	add	a2,a5,a3
    2bbe:	00861f63          	bne	a2,s0,2bdc <_free_r+0x84>
    2bc2:	4010                	lw	a2,0(s0)
    2bc4:	96b2                	add	a3,a3,a2
    2bc6:	c394                	sw	a3,0(a5)
    2bc8:	00d78633          	add	a2,a5,a3
    2bcc:	fac71de3          	bne	a4,a2,2b86 <_free_r+0x2e>
    2bd0:	4310                	lw	a2,0(a4)
    2bd2:	4358                	lw	a4,4(a4)
    2bd4:	96b2                	add	a3,a3,a2
    2bd6:	c394                	sw	a3,0(a5)
    2bd8:	c3d8                	sw	a4,4(a5)
    2bda:	b775                	j	2b86 <_free_r+0x2e>
    2bdc:	00c47563          	bgeu	s0,a2,2be6 <_free_r+0x8e>
    2be0:	47b1                	li	a5,12
    2be2:	c09c                	sw	a5,0(s1)
    2be4:	b74d                	j	2b86 <_free_r+0x2e>
    2be6:	4010                	lw	a2,0(s0)
    2be8:	00c406b3          	add	a3,s0,a2
    2bec:	00d71663          	bne	a4,a3,2bf8 <_free_r+0xa0>
    2bf0:	4314                	lw	a3,0(a4)
    2bf2:	4358                	lw	a4,4(a4)
    2bf4:	96b2                	add	a3,a3,a2
    2bf6:	c014                	sw	a3,0(s0)
    2bf8:	c058                	sw	a4,4(s0)
    2bfa:	c3c0                	sw	s0,4(a5)
    2bfc:	b769                	j	2b86 <_free_r+0x2e>
    2bfe:	8082                	ret

00002c00 <_malloc_r>:
    2c00:	1101                	addi	sp,sp,-32
    2c02:	ca26                	sw	s1,20(sp)
    2c04:	00358493          	addi	s1,a1,3
    2c08:	98f1                	andi	s1,s1,-4
    2c0a:	ce06                	sw	ra,28(sp)
    2c0c:	cc22                	sw	s0,24(sp)
    2c0e:	c84a                	sw	s2,16(sp)
    2c10:	c64e                	sw	s3,12(sp)
    2c12:	04a1                	addi	s1,s1,8
    2c14:	47b1                	li	a5,12
    2c16:	04f4f363          	bgeu	s1,a5,2c5c <_malloc_r+0x5c>
    2c1a:	44b1                	li	s1,12
    2c1c:	04b4e263          	bltu	s1,a1,2c60 <_malloc_r+0x60>
    2c20:	892a                	mv	s2,a0
    2c22:	13f000ef          	jal	ra,3560 <__malloc_lock>
    2c26:	8a018793          	addi	a5,gp,-1888 # 20000100 <__malloc_free_list>
    2c2a:	4398                	lw	a4,0(a5)
    2c2c:	843a                	mv	s0,a4
    2c2e:	e039                	bnez	s0,2c74 <_malloc_r+0x74>
    2c30:	8a418793          	addi	a5,gp,-1884 # 20000104 <__malloc_sbrk_start>
    2c34:	439c                	lw	a5,0(a5)
    2c36:	e791                	bnez	a5,2c42 <_malloc_r+0x42>
    2c38:	4581                	li	a1,0
    2c3a:	854a                	mv	a0,s2
    2c3c:	2f15                	jal	3370 <_sbrk_r>
    2c3e:	8aa1a223          	sw	a0,-1884(gp) # 20000104 <__malloc_sbrk_start>
    2c42:	85a6                	mv	a1,s1
    2c44:	854a                	mv	a0,s2
    2c46:	272d                	jal	3370 <_sbrk_r>
    2c48:	59fd                	li	s3,-1
    2c4a:	07351963          	bne	a0,s3,2cbc <_malloc_r+0xbc>
    2c4e:	47b1                	li	a5,12
    2c50:	00f92023          	sw	a5,0(s2)
    2c54:	854a                	mv	a0,s2
    2c56:	10d000ef          	jal	ra,3562 <__malloc_unlock>
    2c5a:	a029                	j	2c64 <_malloc_r+0x64>
    2c5c:	fc04d0e3          	bgez	s1,2c1c <_malloc_r+0x1c>
    2c60:	47b1                	li	a5,12
    2c62:	c11c                	sw	a5,0(a0)
    2c64:	4501                	li	a0,0
    2c66:	40f2                	lw	ra,28(sp)
    2c68:	4462                	lw	s0,24(sp)
    2c6a:	44d2                	lw	s1,20(sp)
    2c6c:	4942                	lw	s2,16(sp)
    2c6e:	49b2                	lw	s3,12(sp)
    2c70:	6105                	addi	sp,sp,32
    2c72:	8082                	ret
    2c74:	401c                	lw	a5,0(s0)
    2c76:	8f85                	sub	a5,a5,s1
    2c78:	0207cf63          	bltz	a5,2cb6 <_malloc_r+0xb6>
    2c7c:	46ad                	li	a3,11
    2c7e:	00f6f663          	bgeu	a3,a5,2c8a <_malloc_r+0x8a>
    2c82:	c01c                	sw	a5,0(s0)
    2c84:	943e                	add	s0,s0,a5
    2c86:	c004                	sw	s1,0(s0)
    2c88:	a031                	j	2c94 <_malloc_r+0x94>
    2c8a:	405c                	lw	a5,4(s0)
    2c8c:	02871363          	bne	a4,s0,2cb2 <_malloc_r+0xb2>
    2c90:	8af1a023          	sw	a5,-1888(gp) # 20000100 <__malloc_free_list>
    2c94:	854a                	mv	a0,s2
    2c96:	0cd000ef          	jal	ra,3562 <__malloc_unlock>
    2c9a:	00b40513          	addi	a0,s0,11
    2c9e:	00440793          	addi	a5,s0,4
    2ca2:	9961                	andi	a0,a0,-8
    2ca4:	40f50733          	sub	a4,a0,a5
    2ca8:	df5d                	beqz	a4,2c66 <_malloc_r+0x66>
    2caa:	943a                	add	s0,s0,a4
    2cac:	8f89                	sub	a5,a5,a0
    2cae:	c01c                	sw	a5,0(s0)
    2cb0:	bf5d                	j	2c66 <_malloc_r+0x66>
    2cb2:	c35c                	sw	a5,4(a4)
    2cb4:	b7c5                	j	2c94 <_malloc_r+0x94>
    2cb6:	8722                	mv	a4,s0
    2cb8:	4040                	lw	s0,4(s0)
    2cba:	bf95                	j	2c2e <_malloc_r+0x2e>
    2cbc:	00350413          	addi	s0,a0,3
    2cc0:	9871                	andi	s0,s0,-4
    2cc2:	fc8502e3          	beq	a0,s0,2c86 <_malloc_r+0x86>
    2cc6:	40a405b3          	sub	a1,s0,a0
    2cca:	854a                	mv	a0,s2
    2ccc:	2555                	jal	3370 <_sbrk_r>
    2cce:	fb351ce3          	bne	a0,s3,2c86 <_malloc_r+0x86>
    2cd2:	bfb5                	j	2c4e <_malloc_r+0x4e>

00002cd4 <__sfputc_r>:
    2cd4:	461c                	lw	a5,8(a2)
    2cd6:	17fd                	addi	a5,a5,-1
    2cd8:	c61c                	sw	a5,8(a2)
    2cda:	0007da63          	bgez	a5,2cee <__sfputc_r+0x1a>
    2cde:	4e18                	lw	a4,24(a2)
    2ce0:	00e7c563          	blt	a5,a4,2cea <__sfputc_r+0x16>
    2ce4:	47a9                	li	a5,10
    2ce6:	00f59463          	bne	a1,a5,2cee <__sfputc_r+0x1a>
    2cea:	819ff06f          	j	2502 <__swbuf_r>
    2cee:	421c                	lw	a5,0(a2)
    2cf0:	852e                	mv	a0,a1
    2cf2:	00178713          	addi	a4,a5,1
    2cf6:	c218                	sw	a4,0(a2)
    2cf8:	a38c                	sb	a1,0(a5)
    2cfa:	8082                	ret

00002cfc <__sfputs_r>:
    2cfc:	1101                	addi	sp,sp,-32
    2cfe:	cc22                	sw	s0,24(sp)
    2d00:	ca26                	sw	s1,20(sp)
    2d02:	c84a                	sw	s2,16(sp)
    2d04:	c64e                	sw	s3,12(sp)
    2d06:	c452                	sw	s4,8(sp)
    2d08:	ce06                	sw	ra,28(sp)
    2d0a:	892a                	mv	s2,a0
    2d0c:	89ae                	mv	s3,a1
    2d0e:	8432                	mv	s0,a2
    2d10:	00d604b3          	add	s1,a2,a3
    2d14:	5a7d                	li	s4,-1
    2d16:	00941463          	bne	s0,s1,2d1e <__sfputs_r+0x22>
    2d1a:	4501                	li	a0,0
    2d1c:	a801                	j	2d2c <__sfputs_r+0x30>
    2d1e:	200c                	lbu	a1,0(s0)
    2d20:	864e                	mv	a2,s3
    2d22:	854a                	mv	a0,s2
    2d24:	3f45                	jal	2cd4 <__sfputc_r>
    2d26:	0405                	addi	s0,s0,1
    2d28:	ff4517e3          	bne	a0,s4,2d16 <__sfputs_r+0x1a>
    2d2c:	40f2                	lw	ra,28(sp)
    2d2e:	4462                	lw	s0,24(sp)
    2d30:	44d2                	lw	s1,20(sp)
    2d32:	4942                	lw	s2,16(sp)
    2d34:	49b2                	lw	s3,12(sp)
    2d36:	4a22                	lw	s4,8(sp)
    2d38:	6105                	addi	sp,sp,32
    2d3a:	8082                	ret

00002d3c <_vfiprintf_r>:
    2d3c:	7135                	addi	sp,sp,-160
    2d3e:	cd22                	sw	s0,152(sp)
    2d40:	cb26                	sw	s1,148(sp)
    2d42:	c94a                	sw	s2,144(sp)
    2d44:	c74e                	sw	s3,140(sp)
    2d46:	cf06                	sw	ra,156(sp)
    2d48:	c552                	sw	s4,136(sp)
    2d4a:	c356                	sw	s5,132(sp)
    2d4c:	c15a                	sw	s6,128(sp)
    2d4e:	dede                	sw	s7,124(sp)
    2d50:	dce2                	sw	s8,120(sp)
    2d52:	dae6                	sw	s9,116(sp)
    2d54:	89aa                	mv	s3,a0
    2d56:	84ae                	mv	s1,a1
    2d58:	8932                	mv	s2,a2
    2d5a:	8436                	mv	s0,a3
    2d5c:	c509                	beqz	a0,2d66 <_vfiprintf_r+0x2a>
    2d5e:	4d1c                	lw	a5,24(a0)
    2d60:	e399                	bnez	a5,2d66 <_vfiprintf_r+0x2a>
    2d62:	ba3ff0ef          	jal	ra,2904 <__sinit>
    2d66:	00001797          	auipc	a5,0x1
    2d6a:	a5a78793          	addi	a5,a5,-1446 # 37c0 <__sf_fake_stdin>
    2d6e:	0cf49763          	bne	s1,a5,2e3c <_vfiprintf_r+0x100>
    2d72:	0049a483          	lw	s1,4(s3)
    2d76:	24de                	lhu	a5,12(s1)
    2d78:	8ba1                	andi	a5,a5,8
    2d7a:	c3fd                	beqz	a5,2e60 <_vfiprintf_r+0x124>
    2d7c:	489c                	lw	a5,16(s1)
    2d7e:	c3ed                	beqz	a5,2e60 <_vfiprintf_r+0x124>
    2d80:	02000793          	li	a5,32
    2d84:	02f104a3          	sb	a5,41(sp)
    2d88:	03000793          	li	a5,48
    2d8c:	d202                	sw	zero,36(sp)
    2d8e:	02f10523          	sb	a5,42(sp)
    2d92:	c622                	sw	s0,12(sp)
    2d94:	02500b93          	li	s7,37
    2d98:	00001a97          	auipc	s5,0x1
    2d9c:	a68a8a93          	addi	s5,s5,-1432 # 3800 <__sf_fake_stdout+0x20>
    2da0:	4c05                	li	s8,1
    2da2:	4b29                	li	s6,10
    2da4:	844a                	mv	s0,s2
    2da6:	201c                	lbu	a5,0(s0)
    2da8:	c399                	beqz	a5,2dae <_vfiprintf_r+0x72>
    2daa:	0d779e63          	bne	a5,s7,2e86 <_vfiprintf_r+0x14a>
    2dae:	41240cb3          	sub	s9,s0,s2
    2db2:	000c8d63          	beqz	s9,2dcc <_vfiprintf_r+0x90>
    2db6:	86e6                	mv	a3,s9
    2db8:	864a                	mv	a2,s2
    2dba:	85a6                	mv	a1,s1
    2dbc:	854e                	mv	a0,s3
    2dbe:	3f3d                	jal	2cfc <__sfputs_r>
    2dc0:	57fd                	li	a5,-1
    2dc2:	1cf50f63          	beq	a0,a5,2fa0 <_vfiprintf_r+0x264>
    2dc6:	5692                	lw	a3,36(sp)
    2dc8:	96e6                	add	a3,a3,s9
    2dca:	d236                	sw	a3,36(sp)
    2dcc:	201c                	lbu	a5,0(s0)
    2dce:	1c078963          	beqz	a5,2fa0 <_vfiprintf_r+0x264>
    2dd2:	57fd                	li	a5,-1
    2dd4:	00140913          	addi	s2,s0,1
    2dd8:	c802                	sw	zero,16(sp)
    2dda:	ce02                	sw	zero,28(sp)
    2ddc:	ca3e                	sw	a5,20(sp)
    2dde:	cc02                	sw	zero,24(sp)
    2de0:	040109a3          	sb	zero,83(sp)
    2de4:	d482                	sw	zero,104(sp)
    2de6:	00094583          	lbu	a1,0(s2)
    2dea:	4615                	li	a2,5
    2dec:	8556                	mv	a0,s5
    2dee:	2fa9                	jal	3548 <memchr>
    2df0:	00190413          	addi	s0,s2,1
    2df4:	47c2                	lw	a5,16(sp)
    2df6:	e951                	bnez	a0,2e8a <_vfiprintf_r+0x14e>
    2df8:	0107f713          	andi	a4,a5,16
    2dfc:	c709                	beqz	a4,2e06 <_vfiprintf_r+0xca>
    2dfe:	02000713          	li	a4,32
    2e02:	04e109a3          	sb	a4,83(sp)
    2e06:	0087f713          	andi	a4,a5,8
    2e0a:	c709                	beqz	a4,2e14 <_vfiprintf_r+0xd8>
    2e0c:	02b00713          	li	a4,43
    2e10:	04e109a3          	sb	a4,83(sp)
    2e14:	00094683          	lbu	a3,0(s2)
    2e18:	02a00713          	li	a4,42
    2e1c:	06e68f63          	beq	a3,a4,2e9a <_vfiprintf_r+0x15e>
    2e20:	47f2                	lw	a5,28(sp)
    2e22:	844a                	mv	s0,s2
    2e24:	4681                	li	a3,0
    2e26:	4625                	li	a2,9
    2e28:	2018                	lbu	a4,0(s0)
    2e2a:	00140593          	addi	a1,s0,1
    2e2e:	fd070713          	addi	a4,a4,-48 # ffffdfd0 <_eusrstack+0xdfff8fd0>
    2e32:	0ae67763          	bgeu	a2,a4,2ee0 <_vfiprintf_r+0x1a4>
    2e36:	cab5                	beqz	a3,2eaa <_vfiprintf_r+0x16e>
    2e38:	ce3e                	sw	a5,28(sp)
    2e3a:	a885                	j	2eaa <_vfiprintf_r+0x16e>
    2e3c:	00001797          	auipc	a5,0x1
    2e40:	9a478793          	addi	a5,a5,-1628 # 37e0 <__sf_fake_stdout>
    2e44:	00f49563          	bne	s1,a5,2e4e <_vfiprintf_r+0x112>
    2e48:	0089a483          	lw	s1,8(s3)
    2e4c:	b72d                	j	2d76 <_vfiprintf_r+0x3a>
    2e4e:	00001797          	auipc	a5,0x1
    2e52:	95278793          	addi	a5,a5,-1710 # 37a0 <__sf_fake_stderr>
    2e56:	f2f490e3          	bne	s1,a5,2d76 <_vfiprintf_r+0x3a>
    2e5a:	00c9a483          	lw	s1,12(s3)
    2e5e:	bf21                	j	2d76 <_vfiprintf_r+0x3a>
    2e60:	85a6                	mv	a1,s1
    2e62:	854e                	mv	a0,s3
    2e64:	f5aff0ef          	jal	ra,25be <__swsetup_r>
    2e68:	dd01                	beqz	a0,2d80 <_vfiprintf_r+0x44>
    2e6a:	557d                	li	a0,-1
    2e6c:	40fa                	lw	ra,156(sp)
    2e6e:	446a                	lw	s0,152(sp)
    2e70:	44da                	lw	s1,148(sp)
    2e72:	494a                	lw	s2,144(sp)
    2e74:	49ba                	lw	s3,140(sp)
    2e76:	4a2a                	lw	s4,136(sp)
    2e78:	4a9a                	lw	s5,132(sp)
    2e7a:	4b0a                	lw	s6,128(sp)
    2e7c:	5bf6                	lw	s7,124(sp)
    2e7e:	5c66                	lw	s8,120(sp)
    2e80:	5cd6                	lw	s9,116(sp)
    2e82:	610d                	addi	sp,sp,160
    2e84:	8082                	ret
    2e86:	0405                	addi	s0,s0,1
    2e88:	bf39                	j	2da6 <_vfiprintf_r+0x6a>
    2e8a:	41550533          	sub	a0,a0,s5
    2e8e:	00ac1533          	sll	a0,s8,a0
    2e92:	8fc9                	or	a5,a5,a0
    2e94:	c83e                	sw	a5,16(sp)
    2e96:	8922                	mv	s2,s0
    2e98:	b7b9                	j	2de6 <_vfiprintf_r+0xaa>
    2e9a:	4732                	lw	a4,12(sp)
    2e9c:	00470693          	addi	a3,a4,4
    2ea0:	4318                	lw	a4,0(a4)
    2ea2:	c636                	sw	a3,12(sp)
    2ea4:	02074763          	bltz	a4,2ed2 <_vfiprintf_r+0x196>
    2ea8:	ce3a                	sw	a4,28(sp)
    2eaa:	2018                	lbu	a4,0(s0)
    2eac:	02e00793          	li	a5,46
    2eb0:	04f71d63          	bne	a4,a5,2f0a <_vfiprintf_r+0x1ce>
    2eb4:	3018                	lbu	a4,1(s0)
    2eb6:	02a00793          	li	a5,42
    2eba:	02f71b63          	bne	a4,a5,2ef0 <_vfiprintf_r+0x1b4>
    2ebe:	47b2                	lw	a5,12(sp)
    2ec0:	0409                	addi	s0,s0,2
    2ec2:	00478713          	addi	a4,a5,4
    2ec6:	439c                	lw	a5,0(a5)
    2ec8:	c63a                	sw	a4,12(sp)
    2eca:	0207c163          	bltz	a5,2eec <_vfiprintf_r+0x1b0>
    2ece:	ca3e                	sw	a5,20(sp)
    2ed0:	a82d                	j	2f0a <_vfiprintf_r+0x1ce>
    2ed2:	40e00733          	neg	a4,a4
    2ed6:	0027e793          	ori	a5,a5,2
    2eda:	ce3a                	sw	a4,28(sp)
    2edc:	c83e                	sw	a5,16(sp)
    2ede:	b7f1                	j	2eaa <_vfiprintf_r+0x16e>
    2ee0:	036787b3          	mul	a5,a5,s6
    2ee4:	4685                	li	a3,1
    2ee6:	842e                	mv	s0,a1
    2ee8:	97ba                	add	a5,a5,a4
    2eea:	bf3d                	j	2e28 <_vfiprintf_r+0xec>
    2eec:	57fd                	li	a5,-1
    2eee:	b7c5                	j	2ece <_vfiprintf_r+0x192>
    2ef0:	0405                	addi	s0,s0,1
    2ef2:	ca02                	sw	zero,20(sp)
    2ef4:	4681                	li	a3,0
    2ef6:	4781                	li	a5,0
    2ef8:	4625                	li	a2,9
    2efa:	2018                	lbu	a4,0(s0)
    2efc:	00140593          	addi	a1,s0,1
    2f00:	fd070713          	addi	a4,a4,-48
    2f04:	06e67463          	bgeu	a2,a4,2f6c <_vfiprintf_r+0x230>
    2f08:	f2f9                	bnez	a3,2ece <_vfiprintf_r+0x192>
    2f0a:	200c                	lbu	a1,0(s0)
    2f0c:	460d                	li	a2,3
    2f0e:	00001517          	auipc	a0,0x1
    2f12:	8fa50513          	addi	a0,a0,-1798 # 3808 <__sf_fake_stdout+0x28>
    2f16:	2d0d                	jal	3548 <memchr>
    2f18:	cd11                	beqz	a0,2f34 <_vfiprintf_r+0x1f8>
    2f1a:	00001797          	auipc	a5,0x1
    2f1e:	8ee78793          	addi	a5,a5,-1810 # 3808 <__sf_fake_stdout+0x28>
    2f22:	8d1d                	sub	a0,a0,a5
    2f24:	04000793          	li	a5,64
    2f28:	00a797b3          	sll	a5,a5,a0
    2f2c:	4542                	lw	a0,16(sp)
    2f2e:	0405                	addi	s0,s0,1
    2f30:	8d5d                	or	a0,a0,a5
    2f32:	c82a                	sw	a0,16(sp)
    2f34:	200c                	lbu	a1,0(s0)
    2f36:	4619                	li	a2,6
    2f38:	00001517          	auipc	a0,0x1
    2f3c:	8d450513          	addi	a0,a0,-1836 # 380c <__sf_fake_stdout+0x2c>
    2f40:	00140913          	addi	s2,s0,1
    2f44:	02b10423          	sb	a1,40(sp)
    2f48:	2501                	jal	3548 <memchr>
    2f4a:	c135                	beqz	a0,2fae <_vfiprintf_r+0x272>
    2f4c:	ffffd797          	auipc	a5,0xffffd
    2f50:	0b478793          	addi	a5,a5,180 # 0 <_sinit>
    2f54:	e795                	bnez	a5,2f80 <_vfiprintf_r+0x244>
    2f56:	4742                	lw	a4,16(sp)
    2f58:	47b2                	lw	a5,12(sp)
    2f5a:	10077713          	andi	a4,a4,256
    2f5e:	cf09                	beqz	a4,2f78 <_vfiprintf_r+0x23c>
    2f60:	0791                	addi	a5,a5,4
    2f62:	c63e                	sw	a5,12(sp)
    2f64:	5792                	lw	a5,36(sp)
    2f66:	97d2                	add	a5,a5,s4
    2f68:	d23e                	sw	a5,36(sp)
    2f6a:	bd2d                	j	2da4 <_vfiprintf_r+0x68>
    2f6c:	036787b3          	mul	a5,a5,s6
    2f70:	4685                	li	a3,1
    2f72:	842e                	mv	s0,a1
    2f74:	97ba                	add	a5,a5,a4
    2f76:	b751                	j	2efa <_vfiprintf_r+0x1be>
    2f78:	079d                	addi	a5,a5,7
    2f7a:	9be1                	andi	a5,a5,-8
    2f7c:	07a1                	addi	a5,a5,8
    2f7e:	b7d5                	j	2f62 <_vfiprintf_r+0x226>
    2f80:	0078                	addi	a4,sp,12
    2f82:	00000697          	auipc	a3,0x0
    2f86:	d7a68693          	addi	a3,a3,-646 # 2cfc <__sfputs_r>
    2f8a:	8626                	mv	a2,s1
    2f8c:	080c                	addi	a1,sp,16
    2f8e:	854e                	mv	a0,s3
    2f90:	00000097          	auipc	ra,0x0
    2f94:	000000e7          	jalr	zero # 0 <_sinit>
    2f98:	57fd                	li	a5,-1
    2f9a:	8a2a                	mv	s4,a0
    2f9c:	fcf514e3          	bne	a0,a5,2f64 <_vfiprintf_r+0x228>
    2fa0:	24de                	lhu	a5,12(s1)
    2fa2:	0407f793          	andi	a5,a5,64
    2fa6:	ec0792e3          	bnez	a5,2e6a <_vfiprintf_r+0x12e>
    2faa:	5512                	lw	a0,36(sp)
    2fac:	b5c1                	j	2e6c <_vfiprintf_r+0x130>
    2fae:	0078                	addi	a4,sp,12
    2fb0:	00000697          	auipc	a3,0x0
    2fb4:	d4c68693          	addi	a3,a3,-692 # 2cfc <__sfputs_r>
    2fb8:	8626                	mv	a2,s1
    2fba:	080c                	addi	a1,sp,16
    2fbc:	854e                	mv	a0,s3
    2fbe:	2a01                	jal	30ce <_printf_i>
    2fc0:	bfe1                	j	2f98 <_vfiprintf_r+0x25c>

00002fc2 <_printf_common>:
    2fc2:	7179                	addi	sp,sp,-48
    2fc4:	ca56                	sw	s5,20(sp)
    2fc6:	499c                	lw	a5,16(a1)
    2fc8:	8aba                	mv	s5,a4
    2fca:	4598                	lw	a4,8(a1)
    2fcc:	d422                	sw	s0,40(sp)
    2fce:	d226                	sw	s1,36(sp)
    2fd0:	ce4e                	sw	s3,28(sp)
    2fd2:	cc52                	sw	s4,24(sp)
    2fd4:	d606                	sw	ra,44(sp)
    2fd6:	d04a                	sw	s2,32(sp)
    2fd8:	c85a                	sw	s6,16(sp)
    2fda:	c65e                	sw	s7,12(sp)
    2fdc:	89aa                	mv	s3,a0
    2fde:	842e                	mv	s0,a1
    2fe0:	84b2                	mv	s1,a2
    2fe2:	8a36                	mv	s4,a3
    2fe4:	00e7d363          	bge	a5,a4,2fea <_printf_common+0x28>
    2fe8:	87ba                	mv	a5,a4
    2fea:	c09c                	sw	a5,0(s1)
    2fec:	04344703          	lbu	a4,67(s0)
    2ff0:	c319                	beqz	a4,2ff6 <_printf_common+0x34>
    2ff2:	0785                	addi	a5,a5,1
    2ff4:	c09c                	sw	a5,0(s1)
    2ff6:	401c                	lw	a5,0(s0)
    2ff8:	0207f793          	andi	a5,a5,32
    2ffc:	c781                	beqz	a5,3004 <_printf_common+0x42>
    2ffe:	409c                	lw	a5,0(s1)
    3000:	0789                	addi	a5,a5,2
    3002:	c09c                	sw	a5,0(s1)
    3004:	00042903          	lw	s2,0(s0)
    3008:	00697913          	andi	s2,s2,6
    300c:	00091a63          	bnez	s2,3020 <_printf_common+0x5e>
    3010:	01940b13          	addi	s6,s0,25
    3014:	5bfd                	li	s7,-1
    3016:	445c                	lw	a5,12(s0)
    3018:	4098                	lw	a4,0(s1)
    301a:	8f99                	sub	a5,a5,a4
    301c:	04f94c63          	blt	s2,a5,3074 <_printf_common+0xb2>
    3020:	401c                	lw	a5,0(s0)
    3022:	04344683          	lbu	a3,67(s0)
    3026:	0207f793          	andi	a5,a5,32
    302a:	00d036b3          	snez	a3,a3
    302e:	eba5                	bnez	a5,309e <_printf_common+0xdc>
    3030:	04340613          	addi	a2,s0,67
    3034:	85d2                	mv	a1,s4
    3036:	854e                	mv	a0,s3
    3038:	9a82                	jalr	s5
    303a:	57fd                	li	a5,-1
    303c:	04f50363          	beq	a0,a5,3082 <_printf_common+0xc0>
    3040:	401c                	lw	a5,0(s0)
    3042:	4611                	li	a2,4
    3044:	4098                	lw	a4,0(s1)
    3046:	8b99                	andi	a5,a5,6
    3048:	4454                	lw	a3,12(s0)
    304a:	4481                	li	s1,0
    304c:	00c79763          	bne	a5,a2,305a <_printf_common+0x98>
    3050:	40e684b3          	sub	s1,a3,a4
    3054:	0004d363          	bgez	s1,305a <_printf_common+0x98>
    3058:	4481                	li	s1,0
    305a:	441c                	lw	a5,8(s0)
    305c:	4818                	lw	a4,16(s0)
    305e:	00f75463          	bge	a4,a5,3066 <_printf_common+0xa4>
    3062:	8f99                	sub	a5,a5,a4
    3064:	94be                	add	s1,s1,a5
    3066:	4901                	li	s2,0
    3068:	0469                	addi	s0,s0,26
    306a:	5b7d                	li	s6,-1
    306c:	05249863          	bne	s1,s2,30bc <_printf_common+0xfa>
    3070:	4501                	li	a0,0
    3072:	a809                	j	3084 <_printf_common+0xc2>
    3074:	4685                	li	a3,1
    3076:	865a                	mv	a2,s6
    3078:	85d2                	mv	a1,s4
    307a:	854e                	mv	a0,s3
    307c:	9a82                	jalr	s5
    307e:	01751e63          	bne	a0,s7,309a <_printf_common+0xd8>
    3082:	557d                	li	a0,-1
    3084:	50b2                	lw	ra,44(sp)
    3086:	5422                	lw	s0,40(sp)
    3088:	5492                	lw	s1,36(sp)
    308a:	5902                	lw	s2,32(sp)
    308c:	49f2                	lw	s3,28(sp)
    308e:	4a62                	lw	s4,24(sp)
    3090:	4ad2                	lw	s5,20(sp)
    3092:	4b42                	lw	s6,16(sp)
    3094:	4bb2                	lw	s7,12(sp)
    3096:	6145                	addi	sp,sp,48
    3098:	8082                	ret
    309a:	0905                	addi	s2,s2,1
    309c:	bfad                	j	3016 <_printf_common+0x54>
    309e:	00d40733          	add	a4,s0,a3
    30a2:	03000613          	li	a2,48
    30a6:	04c701a3          	sb	a2,67(a4)
    30aa:	04544703          	lbu	a4,69(s0)
    30ae:	00168793          	addi	a5,a3,1
    30b2:	97a2                	add	a5,a5,s0
    30b4:	0689                	addi	a3,a3,2
    30b6:	04e781a3          	sb	a4,67(a5)
    30ba:	bf9d                	j	3030 <_printf_common+0x6e>
    30bc:	4685                	li	a3,1
    30be:	8622                	mv	a2,s0
    30c0:	85d2                	mv	a1,s4
    30c2:	854e                	mv	a0,s3
    30c4:	9a82                	jalr	s5
    30c6:	fb650ee3          	beq	a0,s6,3082 <_printf_common+0xc0>
    30ca:	0905                	addi	s2,s2,1
    30cc:	b745                	j	306c <_printf_common+0xaa>

000030ce <_printf_i>:
    30ce:	7179                	addi	sp,sp,-48
    30d0:	d422                	sw	s0,40(sp)
    30d2:	d226                	sw	s1,36(sp)
    30d4:	d04a                	sw	s2,32(sp)
    30d6:	ce4e                	sw	s3,28(sp)
    30d8:	d606                	sw	ra,44(sp)
    30da:	cc52                	sw	s4,24(sp)
    30dc:	ca56                	sw	s5,20(sp)
    30de:	c85a                	sw	s6,16(sp)
    30e0:	89b6                	mv	s3,a3
    30e2:	2d94                	lbu	a3,24(a1)
    30e4:	06900793          	li	a5,105
    30e8:	8932                	mv	s2,a2
    30ea:	84aa                	mv	s1,a0
    30ec:	842e                	mv	s0,a1
    30ee:	04358613          	addi	a2,a1,67
    30f2:	02f68d63          	beq	a3,a5,312c <_printf_i+0x5e>
    30f6:	06d7e263          	bltu	a5,a3,315a <_printf_i+0x8c>
    30fa:	05800793          	li	a5,88
    30fe:	18f68663          	beq	a3,a5,328a <_printf_i+0x1bc>
    3102:	00d7ed63          	bltu	a5,a3,311c <_printf_i+0x4e>
    3106:	20068e63          	beqz	a3,3322 <_printf_i+0x254>
    310a:	04300793          	li	a5,67
    310e:	0af68e63          	beq	a3,a5,31ca <_printf_i+0xfc>
    3112:	04240a93          	addi	s5,s0,66
    3116:	04d40123          	sb	a3,66(s0)
    311a:	a0c9                	j	31dc <_printf_i+0x10e>
    311c:	06300793          	li	a5,99
    3120:	0af68563          	beq	a3,a5,31ca <_printf_i+0xfc>
    3124:	06400793          	li	a5,100
    3128:	fef695e3          	bne	a3,a5,3112 <_printf_i+0x44>
    312c:	401c                	lw	a5,0(s0)
    312e:	4308                	lw	a0,0(a4)
    3130:	0807f693          	andi	a3,a5,128
    3134:	00450593          	addi	a1,a0,4
    3138:	c6c5                	beqz	a3,31e0 <_printf_i+0x112>
    313a:	411c                	lw	a5,0(a0)
    313c:	c30c                	sw	a1,0(a4)
    313e:	0007d863          	bgez	a5,314e <_printf_i+0x80>
    3142:	02d00713          	li	a4,45
    3146:	40f007b3          	neg	a5,a5
    314a:	04e401a3          	sb	a4,67(s0)
    314e:	00000697          	auipc	a3,0x0
    3152:	6c668693          	addi	a3,a3,1734 # 3814 <__sf_fake_stdout+0x34>
    3156:	4729                	li	a4,10
    3158:	a865                	j	3210 <_printf_i+0x142>
    315a:	07000793          	li	a5,112
    315e:	16f68263          	beq	a3,a5,32c2 <_printf_i+0x1f4>
    3162:	02d7e563          	bltu	a5,a3,318c <_printf_i+0xbe>
    3166:	06e00793          	li	a5,110
    316a:	18f68963          	beq	a3,a5,32fc <_printf_i+0x22e>
    316e:	06f00793          	li	a5,111
    3172:	faf690e3          	bne	a3,a5,3112 <_printf_i+0x44>
    3176:	400c                	lw	a1,0(s0)
    3178:	431c                	lw	a5,0(a4)
    317a:	0805f813          	andi	a6,a1,128
    317e:	00478513          	addi	a0,a5,4
    3182:	06080763          	beqz	a6,31f0 <_printf_i+0x122>
    3186:	c308                	sw	a0,0(a4)
    3188:	439c                	lw	a5,0(a5)
    318a:	a885                	j	31fa <_printf_i+0x12c>
    318c:	07500793          	li	a5,117
    3190:	fef683e3          	beq	a3,a5,3176 <_printf_i+0xa8>
    3194:	07800793          	li	a5,120
    3198:	12f68963          	beq	a3,a5,32ca <_printf_i+0x1fc>
    319c:	07300793          	li	a5,115
    31a0:	f6f699e3          	bne	a3,a5,3112 <_printf_i+0x44>
    31a4:	431c                	lw	a5,0(a4)
    31a6:	41d0                	lw	a2,4(a1)
    31a8:	4581                	li	a1,0
    31aa:	00478693          	addi	a3,a5,4
    31ae:	c314                	sw	a3,0(a4)
    31b0:	0007aa83          	lw	s5,0(a5)
    31b4:	8556                	mv	a0,s5
    31b6:	2e49                	jal	3548 <memchr>
    31b8:	c501                	beqz	a0,31c0 <_printf_i+0xf2>
    31ba:	41550533          	sub	a0,a0,s5
    31be:	c048                	sw	a0,4(s0)
    31c0:	405c                	lw	a5,4(s0)
    31c2:	c81c                	sw	a5,16(s0)
    31c4:	040401a3          	sb	zero,67(s0)
    31c8:	a861                	j	3260 <_printf_i+0x192>
    31ca:	431c                	lw	a5,0(a4)
    31cc:	04240a93          	addi	s5,s0,66
    31d0:	00478693          	addi	a3,a5,4
    31d4:	439c                	lw	a5,0(a5)
    31d6:	c314                	sw	a3,0(a4)
    31d8:	04f40123          	sb	a5,66(s0)
    31dc:	4785                	li	a5,1
    31de:	b7d5                	j	31c2 <_printf_i+0xf4>
    31e0:	0407f693          	andi	a3,a5,64
    31e4:	411c                	lw	a5,0(a0)
    31e6:	c30c                	sw	a1,0(a4)
    31e8:	dab9                	beqz	a3,313e <_printf_i+0x70>
    31ea:	07c2                	slli	a5,a5,0x10
    31ec:	87c1                	srai	a5,a5,0x10
    31ee:	bf81                	j	313e <_printf_i+0x70>
    31f0:	0405f593          	andi	a1,a1,64
    31f4:	c308                	sw	a0,0(a4)
    31f6:	d9c9                	beqz	a1,3188 <_printf_i+0xba>
    31f8:	239e                	lhu	a5,0(a5)
    31fa:	06f00713          	li	a4,111
    31fe:	0ee68763          	beq	a3,a4,32ec <_printf_i+0x21e>
    3202:	00000697          	auipc	a3,0x0
    3206:	61268693          	addi	a3,a3,1554 # 3814 <__sf_fake_stdout+0x34>
    320a:	4729                	li	a4,10
    320c:	040401a3          	sb	zero,67(s0)
    3210:	404c                	lw	a1,4(s0)
    3212:	c40c                	sw	a1,8(s0)
    3214:	0005c563          	bltz	a1,321e <_printf_i+0x150>
    3218:	4008                	lw	a0,0(s0)
    321a:	996d                	andi	a0,a0,-5
    321c:	c008                	sw	a0,0(s0)
    321e:	e399                	bnez	a5,3224 <_printf_i+0x156>
    3220:	8ab2                	mv	s5,a2
    3222:	cd89                	beqz	a1,323c <_printf_i+0x16e>
    3224:	8ab2                	mv	s5,a2
    3226:	02e7f5b3          	remu	a1,a5,a4
    322a:	1afd                	addi	s5,s5,-1
    322c:	95b6                	add	a1,a1,a3
    322e:	218c                	lbu	a1,0(a1)
    3230:	00ba8023          	sb	a1,0(s5)
    3234:	02e7d5b3          	divu	a1,a5,a4
    3238:	0ce7f063          	bgeu	a5,a4,32f8 <_printf_i+0x22a>
    323c:	47a1                	li	a5,8
    323e:	00f71e63          	bne	a4,a5,325a <_printf_i+0x18c>
    3242:	401c                	lw	a5,0(s0)
    3244:	8b85                	andi	a5,a5,1
    3246:	cb91                	beqz	a5,325a <_printf_i+0x18c>
    3248:	4058                	lw	a4,4(s0)
    324a:	481c                	lw	a5,16(s0)
    324c:	00e7c763          	blt	a5,a4,325a <_printf_i+0x18c>
    3250:	03000793          	li	a5,48
    3254:	fefa8fa3          	sb	a5,-1(s5)
    3258:	1afd                	addi	s5,s5,-1
    325a:	41560633          	sub	a2,a2,s5
    325e:	c810                	sw	a2,16(s0)
    3260:	874e                	mv	a4,s3
    3262:	86ca                	mv	a3,s2
    3264:	0070                	addi	a2,sp,12
    3266:	85a2                	mv	a1,s0
    3268:	8526                	mv	a0,s1
    326a:	d59ff0ef          	jal	ra,2fc2 <_printf_common>
    326e:	5a7d                	li	s4,-1
    3270:	0b451d63          	bne	a0,s4,332a <_printf_i+0x25c>
    3274:	557d                	li	a0,-1
    3276:	50b2                	lw	ra,44(sp)
    3278:	5422                	lw	s0,40(sp)
    327a:	5492                	lw	s1,36(sp)
    327c:	5902                	lw	s2,32(sp)
    327e:	49f2                	lw	s3,28(sp)
    3280:	4a62                	lw	s4,24(sp)
    3282:	4ad2                	lw	s5,20(sp)
    3284:	4b42                	lw	s6,16(sp)
    3286:	6145                	addi	sp,sp,48
    3288:	8082                	ret
    328a:	04d582a3          	sb	a3,69(a1)
    328e:	00000697          	auipc	a3,0x0
    3292:	58668693          	addi	a3,a3,1414 # 3814 <__sf_fake_stdout+0x34>
    3296:	400c                	lw	a1,0(s0)
    3298:	4308                	lw	a0,0(a4)
    329a:	0805f813          	andi	a6,a1,128
    329e:	411c                	lw	a5,0(a0)
    32a0:	0511                	addi	a0,a0,4
    32a2:	02080d63          	beqz	a6,32dc <_printf_i+0x20e>
    32a6:	c308                	sw	a0,0(a4)
    32a8:	0015f713          	andi	a4,a1,1
    32ac:	c701                	beqz	a4,32b4 <_printf_i+0x1e6>
    32ae:	0205e593          	ori	a1,a1,32
    32b2:	c00c                	sw	a1,0(s0)
    32b4:	4741                	li	a4,16
    32b6:	fbb9                	bnez	a5,320c <_printf_i+0x13e>
    32b8:	400c                	lw	a1,0(s0)
    32ba:	fdf5f593          	andi	a1,a1,-33
    32be:	c00c                	sw	a1,0(s0)
    32c0:	b7b1                	j	320c <_printf_i+0x13e>
    32c2:	419c                	lw	a5,0(a1)
    32c4:	0207e793          	ori	a5,a5,32
    32c8:	c19c                	sw	a5,0(a1)
    32ca:	07800793          	li	a5,120
    32ce:	04f402a3          	sb	a5,69(s0)
    32d2:	00000697          	auipc	a3,0x0
    32d6:	55668693          	addi	a3,a3,1366 # 3828 <__sf_fake_stdout+0x48>
    32da:	bf75                	j	3296 <_printf_i+0x1c8>
    32dc:	0405f813          	andi	a6,a1,64
    32e0:	c308                	sw	a0,0(a4)
    32e2:	fc0803e3          	beqz	a6,32a8 <_printf_i+0x1da>
    32e6:	07c2                	slli	a5,a5,0x10
    32e8:	83c1                	srli	a5,a5,0x10
    32ea:	bf7d                	j	32a8 <_printf_i+0x1da>
    32ec:	00000697          	auipc	a3,0x0
    32f0:	52868693          	addi	a3,a3,1320 # 3814 <__sf_fake_stdout+0x34>
    32f4:	4721                	li	a4,8
    32f6:	bf19                	j	320c <_printf_i+0x13e>
    32f8:	87ae                	mv	a5,a1
    32fa:	b735                	j	3226 <_printf_i+0x158>
    32fc:	4194                	lw	a3,0(a1)
    32fe:	431c                	lw	a5,0(a4)
    3300:	49cc                	lw	a1,20(a1)
    3302:	0806f813          	andi	a6,a3,128
    3306:	00478513          	addi	a0,a5,4
    330a:	00080663          	beqz	a6,3316 <_printf_i+0x248>
    330e:	c308                	sw	a0,0(a4)
    3310:	439c                	lw	a5,0(a5)
    3312:	c38c                	sw	a1,0(a5)
    3314:	a039                	j	3322 <_printf_i+0x254>
    3316:	c308                	sw	a0,0(a4)
    3318:	0406f693          	andi	a3,a3,64
    331c:	439c                	lw	a5,0(a5)
    331e:	daf5                	beqz	a3,3312 <_printf_i+0x244>
    3320:	a38e                	sh	a1,0(a5)
    3322:	00042823          	sw	zero,16(s0)
    3326:	8ab2                	mv	s5,a2
    3328:	bf25                	j	3260 <_printf_i+0x192>
    332a:	4814                	lw	a3,16(s0)
    332c:	8656                	mv	a2,s5
    332e:	85ca                	mv	a1,s2
    3330:	8526                	mv	a0,s1
    3332:	9982                	jalr	s3
    3334:	f54500e3          	beq	a0,s4,3274 <_printf_i+0x1a6>
    3338:	401c                	lw	a5,0(s0)
    333a:	8b89                	andi	a5,a5,2
    333c:	e78d                	bnez	a5,3366 <_printf_i+0x298>
    333e:	47b2                	lw	a5,12(sp)
    3340:	4448                	lw	a0,12(s0)
    3342:	f2f55ae3          	bge	a0,a5,3276 <_printf_i+0x1a8>
    3346:	853e                	mv	a0,a5
    3348:	b73d                	j	3276 <_printf_i+0x1a8>
    334a:	4685                	li	a3,1
    334c:	8656                	mv	a2,s5
    334e:	85ca                	mv	a1,s2
    3350:	8526                	mv	a0,s1
    3352:	9982                	jalr	s3
    3354:	f36500e3          	beq	a0,s6,3274 <_printf_i+0x1a6>
    3358:	0a05                	addi	s4,s4,1
    335a:	445c                	lw	a5,12(s0)
    335c:	4732                	lw	a4,12(sp)
    335e:	8f99                	sub	a5,a5,a4
    3360:	fefa45e3          	blt	s4,a5,334a <_printf_i+0x27c>
    3364:	bfe9                	j	333e <_printf_i+0x270>
    3366:	4a01                	li	s4,0
    3368:	01940a93          	addi	s5,s0,25
    336c:	5b7d                	li	s6,-1
    336e:	b7f5                	j	335a <_printf_i+0x28c>

00003370 <_sbrk_r>:
    3370:	1141                	addi	sp,sp,-16
    3372:	c422                	sw	s0,8(sp)
    3374:	842a                	mv	s0,a0
    3376:	852e                	mv	a0,a1
    3378:	1fffe797          	auipc	a5,0x1fffe
    337c:	f007a023          	sw	zero,-256(a5) # 20001278 <errno>
    3380:	c606                	sw	ra,12(sp)
    3382:	838ff0ef          	jal	ra,23ba <_sbrk>
    3386:	57fd                	li	a5,-1
    3388:	00f51963          	bne	a0,a5,339a <_sbrk_r+0x2a>
    338c:	1fffe797          	auipc	a5,0x1fffe
    3390:	eec78793          	addi	a5,a5,-276 # 20001278 <errno>
    3394:	439c                	lw	a5,0(a5)
    3396:	c391                	beqz	a5,339a <_sbrk_r+0x2a>
    3398:	c01c                	sw	a5,0(s0)
    339a:	40b2                	lw	ra,12(sp)
    339c:	4422                	lw	s0,8(sp)
    339e:	0141                	addi	sp,sp,16
    33a0:	8082                	ret

000033a2 <__sread>:
    33a2:	1141                	addi	sp,sp,-16
    33a4:	c422                	sw	s0,8(sp)
    33a6:	842e                	mv	s0,a1
    33a8:	00e59583          	lh	a1,14(a1)
    33ac:	c606                	sw	ra,12(sp)
    33ae:	2a5d                	jal	3564 <_read_r>
    33b0:	00054963          	bltz	a0,33c2 <__sread+0x20>
    33b4:	487c                	lw	a5,84(s0)
    33b6:	97aa                	add	a5,a5,a0
    33b8:	c87c                	sw	a5,84(s0)
    33ba:	40b2                	lw	ra,12(sp)
    33bc:	4422                	lw	s0,8(sp)
    33be:	0141                	addi	sp,sp,16
    33c0:	8082                	ret
    33c2:	245e                	lhu	a5,12(s0)
    33c4:	777d                	lui	a4,0xfffff
    33c6:	177d                	addi	a4,a4,-1
    33c8:	8ff9                	and	a5,a5,a4
    33ca:	a45e                	sh	a5,12(s0)
    33cc:	b7fd                	j	33ba <__sread+0x18>

000033ce <__swrite>:
    33ce:	25de                	lhu	a5,12(a1)
    33d0:	1101                	addi	sp,sp,-32
    33d2:	cc22                	sw	s0,24(sp)
    33d4:	ca26                	sw	s1,20(sp)
    33d6:	c84a                	sw	s2,16(sp)
    33d8:	c64e                	sw	s3,12(sp)
    33da:	ce06                	sw	ra,28(sp)
    33dc:	1007f793          	andi	a5,a5,256
    33e0:	84aa                	mv	s1,a0
    33e2:	842e                	mv	s0,a1
    33e4:	8932                	mv	s2,a2
    33e6:	89b6                	mv	s3,a3
    33e8:	c791                	beqz	a5,33f4 <__swrite+0x26>
    33ea:	00e59583          	lh	a1,14(a1)
    33ee:	4689                	li	a3,2
    33f0:	4601                	li	a2,0
    33f2:	220d                	jal	3514 <_lseek_r>
    33f4:	245e                	lhu	a5,12(s0)
    33f6:	777d                	lui	a4,0xfffff
    33f8:	177d                	addi	a4,a4,-1
    33fa:	8ff9                	and	a5,a5,a4
    33fc:	a45e                	sh	a5,12(s0)
    33fe:	00e41583          	lh	a1,14(s0)
    3402:	4462                	lw	s0,24(sp)
    3404:	40f2                	lw	ra,28(sp)
    3406:	86ce                	mv	a3,s3
    3408:	864a                	mv	a2,s2
    340a:	49b2                	lw	s3,12(sp)
    340c:	4942                	lw	s2,16(sp)
    340e:	8526                	mv	a0,s1
    3410:	44d2                	lw	s1,20(sp)
    3412:	6105                	addi	sp,sp,32
    3414:	a825                	j	344c <_write_r>

00003416 <__sseek>:
    3416:	1141                	addi	sp,sp,-16
    3418:	c422                	sw	s0,8(sp)
    341a:	842e                	mv	s0,a1
    341c:	00e59583          	lh	a1,14(a1)
    3420:	c606                	sw	ra,12(sp)
    3422:	28cd                	jal	3514 <_lseek_r>
    3424:	57fd                	li	a5,-1
    3426:	245a                	lhu	a4,12(s0)
    3428:	00f51a63          	bne	a0,a5,343c <__sseek+0x26>
    342c:	77fd                	lui	a5,0xfffff
    342e:	17fd                	addi	a5,a5,-1
    3430:	8ff9                	and	a5,a5,a4
    3432:	a45e                	sh	a5,12(s0)
    3434:	40b2                	lw	ra,12(sp)
    3436:	4422                	lw	s0,8(sp)
    3438:	0141                	addi	sp,sp,16
    343a:	8082                	ret
    343c:	6785                	lui	a5,0x1
    343e:	8fd9                	or	a5,a5,a4
    3440:	a45e                	sh	a5,12(s0)
    3442:	c868                	sw	a0,84(s0)
    3444:	bfc5                	j	3434 <__sseek+0x1e>

00003446 <__sclose>:
    3446:	00e59583          	lh	a1,14(a1)
    344a:	a825                	j	3482 <_close_r>

0000344c <_write_r>:
    344c:	1141                	addi	sp,sp,-16
    344e:	c422                	sw	s0,8(sp)
    3450:	842a                	mv	s0,a0
    3452:	852e                	mv	a0,a1
    3454:	85b2                	mv	a1,a2
    3456:	8636                	mv	a2,a3
    3458:	1fffe797          	auipc	a5,0x1fffe
    345c:	e207a023          	sw	zero,-480(a5) # 20001278 <errno>
    3460:	c606                	sw	ra,12(sp)
    3462:	f3bfe0ef          	jal	ra,239c <_write>
    3466:	57fd                	li	a5,-1
    3468:	00f51963          	bne	a0,a5,347a <_write_r+0x2e>
    346c:	1fffe797          	auipc	a5,0x1fffe
    3470:	e0c78793          	addi	a5,a5,-500 # 20001278 <errno>
    3474:	439c                	lw	a5,0(a5)
    3476:	c391                	beqz	a5,347a <_write_r+0x2e>
    3478:	c01c                	sw	a5,0(s0)
    347a:	40b2                	lw	ra,12(sp)
    347c:	4422                	lw	s0,8(sp)
    347e:	0141                	addi	sp,sp,16
    3480:	8082                	ret

00003482 <_close_r>:
    3482:	1141                	addi	sp,sp,-16
    3484:	c422                	sw	s0,8(sp)
    3486:	842a                	mv	s0,a0
    3488:	852e                	mv	a0,a1
    348a:	1fffe797          	auipc	a5,0x1fffe
    348e:	de07a723          	sw	zero,-530(a5) # 20001278 <errno>
    3492:	c606                	sw	ra,12(sp)
    3494:	2211                	jal	3598 <_close>
    3496:	57fd                	li	a5,-1
    3498:	00f51963          	bne	a0,a5,34aa <_close_r+0x28>
    349c:	1fffe797          	auipc	a5,0x1fffe
    34a0:	ddc78793          	addi	a5,a5,-548 # 20001278 <errno>
    34a4:	439c                	lw	a5,0(a5)
    34a6:	c391                	beqz	a5,34aa <_close_r+0x28>
    34a8:	c01c                	sw	a5,0(s0)
    34aa:	40b2                	lw	ra,12(sp)
    34ac:	4422                	lw	s0,8(sp)
    34ae:	0141                	addi	sp,sp,16
    34b0:	8082                	ret

000034b2 <_fstat_r>:
    34b2:	1141                	addi	sp,sp,-16
    34b4:	c422                	sw	s0,8(sp)
    34b6:	842a                	mv	s0,a0
    34b8:	852e                	mv	a0,a1
    34ba:	85b2                	mv	a1,a2
    34bc:	1fffe797          	auipc	a5,0x1fffe
    34c0:	da07ae23          	sw	zero,-580(a5) # 20001278 <errno>
    34c4:	c606                	sw	ra,12(sp)
    34c6:	20cd                	jal	35a8 <_fstat>
    34c8:	57fd                	li	a5,-1
    34ca:	00f51963          	bne	a0,a5,34dc <_fstat_r+0x2a>
    34ce:	1fffe797          	auipc	a5,0x1fffe
    34d2:	daa78793          	addi	a5,a5,-598 # 20001278 <errno>
    34d6:	439c                	lw	a5,0(a5)
    34d8:	c391                	beqz	a5,34dc <_fstat_r+0x2a>
    34da:	c01c                	sw	a5,0(s0)
    34dc:	40b2                	lw	ra,12(sp)
    34de:	4422                	lw	s0,8(sp)
    34e0:	0141                	addi	sp,sp,16
    34e2:	8082                	ret

000034e4 <_isatty_r>:
    34e4:	1141                	addi	sp,sp,-16
    34e6:	c422                	sw	s0,8(sp)
    34e8:	842a                	mv	s0,a0
    34ea:	852e                	mv	a0,a1
    34ec:	1fffe797          	auipc	a5,0x1fffe
    34f0:	d807a623          	sw	zero,-628(a5) # 20001278 <errno>
    34f4:	c606                	sw	ra,12(sp)
    34f6:	20c9                	jal	35b8 <_isatty>
    34f8:	57fd                	li	a5,-1
    34fa:	00f51963          	bne	a0,a5,350c <_isatty_r+0x28>
    34fe:	1fffe797          	auipc	a5,0x1fffe
    3502:	d7a78793          	addi	a5,a5,-646 # 20001278 <errno>
    3506:	439c                	lw	a5,0(a5)
    3508:	c391                	beqz	a5,350c <_isatty_r+0x28>
    350a:	c01c                	sw	a5,0(s0)
    350c:	40b2                	lw	ra,12(sp)
    350e:	4422                	lw	s0,8(sp)
    3510:	0141                	addi	sp,sp,16
    3512:	8082                	ret

00003514 <_lseek_r>:
    3514:	1141                	addi	sp,sp,-16
    3516:	c422                	sw	s0,8(sp)
    3518:	842a                	mv	s0,a0
    351a:	852e                	mv	a0,a1
    351c:	85b2                	mv	a1,a2
    351e:	8636                	mv	a2,a3
    3520:	1fffe797          	auipc	a5,0x1fffe
    3524:	d407ac23          	sw	zero,-680(a5) # 20001278 <errno>
    3528:	c606                	sw	ra,12(sp)
    352a:	2879                	jal	35c8 <_lseek>
    352c:	57fd                	li	a5,-1
    352e:	00f51963          	bne	a0,a5,3540 <_lseek_r+0x2c>
    3532:	1fffe797          	auipc	a5,0x1fffe
    3536:	d4678793          	addi	a5,a5,-698 # 20001278 <errno>
    353a:	439c                	lw	a5,0(a5)
    353c:	c391                	beqz	a5,3540 <_lseek_r+0x2c>
    353e:	c01c                	sw	a5,0(s0)
    3540:	40b2                	lw	ra,12(sp)
    3542:	4422                	lw	s0,8(sp)
    3544:	0141                	addi	sp,sp,16
    3546:	8082                	ret

00003548 <memchr>:
    3548:	0ff5f593          	andi	a1,a1,255
    354c:	962a                	add	a2,a2,a0
    354e:	00c51463          	bne	a0,a2,3556 <memchr+0xe>
    3552:	4501                	li	a0,0
    3554:	8082                	ret
    3556:	211c                	lbu	a5,0(a0)
    3558:	feb78ee3          	beq	a5,a1,3554 <memchr+0xc>
    355c:	0505                	addi	a0,a0,1
    355e:	bfc5                	j	354e <memchr+0x6>

00003560 <__malloc_lock>:
    3560:	8082                	ret

00003562 <__malloc_unlock>:
    3562:	8082                	ret

00003564 <_read_r>:
    3564:	1141                	addi	sp,sp,-16
    3566:	c422                	sw	s0,8(sp)
    3568:	842a                	mv	s0,a0
    356a:	852e                	mv	a0,a1
    356c:	85b2                	mv	a1,a2
    356e:	8636                	mv	a2,a3
    3570:	1fffe797          	auipc	a5,0x1fffe
    3574:	d007a423          	sw	zero,-760(a5) # 20001278 <errno>
    3578:	c606                	sw	ra,12(sp)
    357a:	28b9                	jal	35d8 <_read>
    357c:	57fd                	li	a5,-1
    357e:	00f51963          	bne	a0,a5,3590 <_read_r+0x2c>
    3582:	1fffe797          	auipc	a5,0x1fffe
    3586:	cf678793          	addi	a5,a5,-778 # 20001278 <errno>
    358a:	439c                	lw	a5,0(a5)
    358c:	c391                	beqz	a5,3590 <_read_r+0x2c>
    358e:	c01c                	sw	a5,0(s0)
    3590:	40b2                	lw	ra,12(sp)
    3592:	4422                	lw	s0,8(sp)
    3594:	0141                	addi	sp,sp,16
    3596:	8082                	ret

00003598 <_close>:
    3598:	05800793          	li	a5,88
    359c:	1fffe717          	auipc	a4,0x1fffe
    35a0:	ccf72e23          	sw	a5,-804(a4) # 20001278 <errno>
    35a4:	557d                	li	a0,-1
    35a6:	8082                	ret

000035a8 <_fstat>:
    35a8:	05800793          	li	a5,88
    35ac:	1fffe717          	auipc	a4,0x1fffe
    35b0:	ccf72623          	sw	a5,-820(a4) # 20001278 <errno>
    35b4:	557d                	li	a0,-1
    35b6:	8082                	ret

000035b8 <_isatty>:
    35b8:	05800793          	li	a5,88
    35bc:	1fffe717          	auipc	a4,0x1fffe
    35c0:	caf72e23          	sw	a5,-836(a4) # 20001278 <errno>
    35c4:	4501                	li	a0,0
    35c6:	8082                	ret

000035c8 <_lseek>:
    35c8:	05800793          	li	a5,88
    35cc:	1fffe717          	auipc	a4,0x1fffe
    35d0:	caf72623          	sw	a5,-852(a4) # 20001278 <errno>
    35d4:	557d                	li	a0,-1
    35d6:	8082                	ret

000035d8 <_read>:
    35d8:	05800793          	li	a5,88
    35dc:	1fffe717          	auipc	a4,0x1fffe
    35e0:	c8f72e23          	sw	a5,-868(a4) # 20001278 <errno>
    35e4:	557d                	li	a0,-1
    35e6:	8082                	ret
    35e8:	141e                	slli	s0,s0,0x27
    35ea:	0000                	unimp
    35ec:	147e                	slli	s0,s0,0x3f
    35ee:	0000                	unimp
    35f0:	15a2                	slli	a1,a1,0x28
    35f2:	0000                	unimp
    35f4:	14ea                	slli	s1,s1,0x3a
    35f6:	0000                	unimp
    35f8:	15a2                	slli	a1,a1,0x28
    35fa:	0000                	unimp
    35fc:	153e                	slli	a0,a0,0x2f
    35fe:	0000                	unimp
    3600:	1546                	slli	a0,a0,0x31
    3602:	0000                	unimp
    3604:	15a2                	slli	a1,a1,0x28
    3606:	0000                	unimp
    3608:	15dc                	addi	a5,sp,740
    360a:	0000                	unimp
    360c:	15f0                	addi	a2,sp,748
    360e:	0000                	unimp
    3610:	15f8                	addi	a4,sp,748
    3612:	0000                	unimp
    3614:	142e                	slli	s0,s0,0x2b
    3616:	0000                	unimp
    3618:	158e                	slli	a1,a1,0x23
    361a:	0000                	unimp
    361c:	15be                	slli	a1,a1,0x2f
    361e:	0000                	unimp
    3620:	15c6                	slli	a1,a1,0x31
    3622:	0000                	unimp
    3624:	15ce                	slli	a1,a1,0x33
	...

00003628 <cdc_config_descriptor>:
    3628:	0209 0043 0102 8000 0932 0004 0100 0202     ..C.....2.......
    3638:	0401 2405 1000 0501 0124 0100 2404 0202     ...$....$....$..
    3648:	2405 0006 0701 8105 0a03 0100 0409 0001     .$..............
    3658:	0a02 0000 0700 0205 4002 0000 0507 0283     .........@......
    3668:	0040 0000                                   @...

0000366c <cdc_device_descriptor>:
    366c:	0112 0110 0002 0800 1a86 fe0c 0100 0201     ................
    367c:	0103                                        ..

0000367e <cdc_serial_state>:
    367e:	20a1 0000 0000 0002 0000                    . ........

00003688 <cdc_string_product>:
    3688:	0316 0055 0053 0042 0020 0053 0065 0072     ..U.S.B. .S.e.r.
    3698:	0069 0061 006c                              i.a.l.

0000369e <cdc_string_vendor>:
    369e:	030e 0077 0063 0068 002e 0063 006e          ..w.c.h...c.n.

000036ac <usbd_config>:
    36ac:	0008 000a 0000 0040 0000 0000 0000 0000     ......@.........
    36bc:	0008 0000 0040 0000 0000 0000 0000 0000     ....@...........
    36cc:	0200 0600 0100 0100 0000 0000 0000 0000     ................
    36dc:	8600 0000 21de 0000 21d8 0000 21d0 0000     .....!...!...!..
    36ec:	21c4 0000 21a4 0000 6e55 6369 726f 006e     .!...!..Unicorn.
    36fc:	5953 4353 4b4c 203a 7525 000a 4348 4b4c     SYSCLK: %u..HCLK
    370c:	203a 7525 000a 0000 4350 4b4c 3a31 2520     : %u....PCLK1: %
    371c:	0a75 0000 4350 4b4c 3a32 2520 0a75 0000     u...PCLK2: %u...
    372c:	4441 4343 4b4c 203a 7525 000a 6854 7265     ADCCLK: %u..Ther
    373c:	2065 7369 7320 6d6f 7465 6968 676e 6620     e is something f
    374c:	7369 7968 6920 206e 6874 2065 4155 5452     ishy in the UART
    375c:	5220 2058 7562 6666 7265 2e2e 002e 0000      RX buffer......
    376c:	6854 7265 2065 7369 7320 6d6f 7465 6968     There is somethi
    377c:	676e 6620 7369 7968 6920 206e 6874 2065     ng fishy in the 
    378c:	4443 2043 5852 6220 6675 6566 2e72 2e2e     CDC RX buffer...
    379c:	0000 0000                                   ....

000037a0 <__sf_fake_stderr>:
	...

000037c0 <__sf_fake_stdin>:
	...

000037e0 <__sf_fake_stdout>:
	...
    3800:	2d23 2b30 0020 0000 6c68 004c 6665 4567     #-0+ ...hlL.efgE
    3810:	4746 0000 3130 3332 3534 3736 3938 4241     FG..0123456789AB
    3820:	4443 4645 0000 0000 3130 3332 3534 3736     CDEF....01234567
    3830:	3938 6261 6463 6665 0000 0000               89abcdef....
